club_name,player_name,age,position,club_involved_name,fee,transfer_movement,transfer_period,fee_cleaned,league_name,year,season,country
Arsenal FC,Gabriel Jesus,25.0,Centre-Forward,Man City,€52.20m,in,Summer,52.2,Premier League,2022,2022/2023,England
Arsenal FC,Oleksandr Zinchenko,25.0,Left-Back,Man City,€35.00m,in,Summer,35.0,Premier League,2022,2022/2023,England
Arsenal FC,Fábio Vieira,22.0,Attacking Midfield,FC Porto,€35.00m,in,Summer,35.0,Premier League,2022,2022/2023,England
Arsenal FC,Matt Turner,28.0,Goalkeeper,New England,€6.36m,in,Summer,6.36,Premier League,2022,2022/2023,England
Arsenal FC,Marquinhos,19.0,Right Winger,São Paulo,€3.50m,in,Summer,3.5,Premier League,2022,2022/2023,England
Arsenal FC,Konstantinos Mavropanos,24.0,Centre-Back,VfB Stuttgart,"End of loanJun 30, 2022",in,Summer,,Premier League,2022,2022/2023,England
Arsenal FC,Auston Trusty,23.0,Centre-Back,Colorado,"End of loanJul 14, 2022",in,Summer,,Premier League,2022,2022/2023,England
Arsenal FC,Ainsley Maitland-Niles,25.0,Right Midfield,Southampton,"End of loanMay 31, 2023",in,Summer,,Premier League,2022,2022/2023,England
Arsenal FC,Mattéo Guendouzi,23.0,Central Midfield,Marseille,"End of loanJun 30, 2022",in,Summer,,Premier League,2022,2022/2023,England
Arsenal FC,William Saliba,21.0,Centre-Back,Marseille,"End of loanJun 30, 2022",in,Summer,,Premier League,2022,2022/2023,England
Arsenal FC,Lucas Torreira,26.0,Defensive Midfield,Fiorentina,"End of loanJun 30, 2022",in,Summer,,Premier League,2022,2022/2023,England
Arsenal FC,Auston Trusty,24.0,Centre-Back,Birmingham,"End of loanMay 31, 2023",in,Summer,,Premier League,2022,2022/2023,England
Arsenal FC,Reiss Nelson,22.0,Right Winger,Feyenoord,"End of loanJun 30, 2022",in,Summer,,Premier League,2022,2022/2023,England
Arsenal FC,Rúnar Alex Rúnarsson,27.0,Goalkeeper,OH Leuven,"End of loanJun 30, 2022",in,Summer,,Premier League,2022,2022/2023,England
Arsenal FC,Héctor Bellerín,27.0,Right-Back,Real Betis,"End of loanJun 30, 2022",in,Summer,,Premier League,2022,2022/2023,England
Arsenal FC,Ainsley Maitland-Niles,24.0,Right Midfield,AS Roma,"End of loanJun 30, 2022",in,Summer,,Premier League,2022,2022/2023,England
Arsenal FC,Pablo Marí,28.0,Centre-Back,Udinese Calcio,"End of loanJun 30, 2022",in,Summer,,Premier League,2022,2022/2023,England
Arsenal FC,Mattéo Guendouzi,23.0,Central Midfield,Marseille,€11.00m,out,Summer,11.0,Premier League,2022,2022/2023,England
Arsenal FC,Lucas Torreira,26.0,Defensive Midfield,Galatasaray,€6.00m,out,Summer,6.0,Premier League,2022,2022/2023,England
Arsenal FC,Bernd Leno,30.0,Goalkeeper,Fulham,€3.60m,out,Summer,3.6,Premier League,2022,2022/2023,England
Arsenal FC,Konstantinos Mavropanos,24.0,Centre-Back,VfB Stuttgart,€3.20m,out,Summer,3.2,Premier League,2022,2022/2023,England
Arsenal FC,Héctor Bellerín,27.0,Right-Back,Barcelona,free transfer,out,Summer,0.0,Premier League,2022,2022/2023,England
Arsenal FC,Alexandre Lacazette,31.0,Centre-Forward,Olympique Lyon,free transfer,out,Summer,0.0,Premier League,2022,2022/2023,England
Arsenal FC,Ainsley Maitland-Niles,25.0,Right Midfield,Southampton,loan transfer,out,Summer,,Premier League,2022,2022/2023,England
Arsenal FC,Nicolas Pépé,27.0,Right Winger,OGC Nice,loan transfer,out,Summer,,Premier League,2022,2022/2023,England
Arsenal FC,Rúnar Alex Rúnarsson,27.0,Goalkeeper,Alanyaspor,loan transfer,out,Summer,,Premier League,2022,2022/2023,England
Arsenal FC,Auston Trusty,23.0,Centre-Back,Birmingham,loan transfer,out,Summer,,Premier League,2022,2022/2023,England
Arsenal FC,Pablo Marí,28.0,Centre-Back,Monza,loan transfer,out,Summer,,Premier League,2022,2022/2023,England
Arsenal FC,Nuno Tavares,22.0,Left-Back,Marseille,loan transfer,out,Summer,,Premier League,2022,2022/2023,England
Aston Villa,Diego Carlos,29.0,Centre-Back,Sevilla FC,€31.00m,in,Summer,31.0,Premier League,2022,2022/2023,England
Aston Villa,Philippe Coutinho,30.0,Left Winger,Barcelona,€20.00m,in,Summer,20.0,Premier League,2022,2022/2023,England
Aston Villa,Leander Dendoncker,27.0,Defensive Midfield,Wolves,€15.00m,in,Summer,15.0,Premier League,2022,2022/2023,England
Aston Villa,Robin Olsen,32.0,Goalkeeper,AS Roma,€3.50m,in,Summer,3.5,Premier League,2022,2022/2023,England
Aston Villa,Ludwig Augustinsson,28.0,Left-Back,Sevilla FC,Loan fee:€500Th.,in,Summer,0.5,Premier League,2022,2022/2023,England
Aston Villa,Boubacar Kamara,22.0,Defensive Midfield,Marseille,free transfer,in,Summer,0.0,Premier League,2022,2022/2023,England
Aston Villa,Jan Bednarek,26.0,Centre-Back,Southampton,loan transfer,in,Summer,,Premier League,2022,2022/2023,England
Aston Villa,Kortney Hause,27.0,Centre-Back,Watford,"End of loanMay 31, 2023",in,Summer,,Premier League,2022,2022/2023,England
Aston Villa,Tim Iroegbunam,19.0,Central Midfield,QPR,"End of loanMay 31, 2023",in,Summer,,Premier League,2022,2022/2023,England
Aston Villa,Lovre Kalinic,32.0,Goalkeeper,Hajduk Split,"End of loanJun 30, 2022",in,Summer,,Premier League,2022,2022/2023,England
Aston Villa,Keinan Davis,25.0,Centre-Forward,Watford,"End of loanMay 31, 2023",in,Summer,,Premier League,2022,2022/2023,England
Aston Villa,Jaden Philogene-Bidace,21.0,Left Winger,Cardiff,"End of loanMay 31, 2023",in,Summer,,Premier League,2022,2022/2023,England
Aston Villa,Trezeguet,27.0,Left Winger,Basaksehir,"End of loanJun 30, 2022",in,Summer,,Premier League,2022,2022/2023,England
Aston Villa,Anwar El Ghazi,27.0,Right Winger,Everton,"End of loanJun 30, 2022",in,Summer,,Premier League,2022,2022/2023,England
Aston Villa,Wesley Moraes,25.0,Centre-Forward,Internacional,"End of loanJul 23, 2022",in,Summer,,Premier League,2022,2022/2023,England
Aston Villa,Frédéric Guilbert,27.0,Right-Back,R. Strasbourg,"End of loanJun 30, 2022",in,Summer,,Premier League,2022,2022/2023,England
Aston Villa,Carney Chukwuemeka,18.0,Central Midfield,Chelsea,€18.00m,out,Summer,18.0,Premier League,2022,2022/2023,England
Aston Villa,Matt Targett,26.0,Left-Back,Newcastle,€17.50m,out,Summer,17.5,Premier League,2022,2022/2023,England
Aston Villa,Trezeguet,27.0,Left Winger,Trabzonspor,€4.00m,out,Summer,4.0,Premier League,2022,2022/2023,England
Aston Villa,Anwar El Ghazi,27.0,Right Winger,PSV Eindhoven,€2.50m,out,Summer,2.5,Premier League,2022,2022/2023,England
Aston Villa,Lovre Kalinic,32.0,Goalkeeper,Hajduk Split,free transfer,out,Summer,0.0,Premier League,2022,2022/2023,England
Aston Villa,Conor Hourihane,31.0,Central Midfield,Derby,free transfer,out,Summer,0.0,Premier League,2022,2022/2023,England
Aston Villa,Bertrand Traoré,26.0,Right Winger,Basaksehir,loan transfer,out,Summer,,Premier League,2022,2022/2023,England
Aston Villa,Kortney Hause,27.0,Centre-Back,Watford,loan transfer,out,Summer,,Premier League,2022,2022/2023,England
Aston Villa,Keinan Davis,24.0,Centre-Forward,Watford,loan transfer,out,Summer,,Premier League,2022,2022/2023,England
Aston Villa,Jaden Philogene-Bidace,20.0,Left Winger,Cardiff,loan transfer,out,Summer,,Premier League,2022,2022/2023,England
Aston Villa,Tim Iroegbunam,19.0,Central Midfield,QPR,loan transfer,out,Summer,,Premier League,2022,2022/2023,England
Aston Villa,Wesley Moraes,25.0,Centre-Forward,Levante,loan transfer,out,Summer,,Premier League,2022,2022/2023,England
Aston Villa,Jan Bednarek,27.0,Centre-Back,Southampton,"End of loanMay 31, 2023",out,Summer,,Premier League,2022,2022/2023,England
Aston Villa,Robin Olsen,32.0,Goalkeeper,AS Roma,"End of loanJun 30, 2022",out,Summer,,Premier League,2022,2022/2023,England
Aston Villa,Philippe Coutinho,30.0,Left Winger,Barcelona,"End of loanJun 30, 2022",out,Summer,,Premier League,2022,2022/2023,England
AFC Bournemouth,Marcos Senesi,25.0,Centre-Back,Feyenoord,€15.00m,in,Summer,15.0,Premier League,2022,2022/2023,England
AFC Bournemouth,Marcus Tavernier,23.0,Central Midfield,Middlesbrough,€11.90m,in,Summer,11.9,Premier League,2022,2022/2023,England
AFC Bournemouth,Neto,33.0,Goalkeeper,Barcelona,free transfer,in,Summer,0.0,Premier League,2022,2022/2023,England
AFC Bournemouth,Joe Rothwell,27.0,Central Midfield,Blackburn,free transfer,in,Summer,0.0,Premier League,2022,2022/2023,England
AFC Bournemouth,Ryan Fredericks,29.0,Right-Back,West Ham,free transfer,in,Summer,0.0,Premier League,2022,2022/2023,England
AFC Bournemouth,Jack Stephens,28.0,Centre-Back,Southampton,loan transfer,in,Summer,,Premier League,2022,2022/2023,England
AFC Bournemouth,Gavin Kilkenny,23.0,Central Midfield,Stoke City,"End of loanMay 31, 2023",in,Summer,,Premier League,2022,2022/2023,England
AFC Bournemouth,Christian Saydee,21.0,Centre-Forward,Shrewsbury,"End of loanMay 31, 2023",in,Summer,,Premier League,2022,2022/2023,England
AFC Bournemouth,Robbie Brady,30.0,Left Midfield,Preston,free transfer,out,Summer,0.0,Premier League,2022,2022/2023,England
AFC Bournemouth,Zeno Ibsen Rossi,21.0,Centre-Back,Cambridge Utd.,?,out,Summer,,Premier League,2022,2022/2023,England
AFC Bournemouth,Gavin Kilkenny,22.0,Central Midfield,Stoke City,loan transfer,out,Summer,,Premier League,2022,2022/2023,England
AFC Bournemouth,Gary Cahill,36.0,Centre-Back,Without Club,-,out,Summer,,Premier League,2022,2022/2023,England
AFC Bournemouth,Christian Saydee,20.0,Centre-Forward,Shrewsbury,loan transfer,out,Summer,,Premier League,2022,2022/2023,England
AFC Bournemouth,Jack Stephens,29.0,Centre-Back,Southampton,"End of loanMay 31, 2023",out,Summer,,Premier League,2022,2022/2023,England
Brentford FC,Keane Lewis-Potter,21.0,Left Winger,Hull City,€19.00m,in,Summer,19.0,Premier League,2022,2022/2023,England
Brentford FC,Aaron Hickey,20.0,Left-Back,Bologna,€16.50m,in,Summer,16.5,Premier League,2022,2022/2023,England
Brentford FC,Mikkel Damsgaard,22.0,Left Winger,Sampdoria,€15.00m,in,Summer,15.0,Premier League,2022,2022/2023,England
Brentford FC,Thomas Strakosha,27.0,Goalkeeper,Lazio,free transfer,in,Summer,0.0,Premier League,2022,2022/2023,England
Brentford FC,Ben Mee,32.0,Centre-Back,Burnley,free transfer,in,Summer,0.0,Premier League,2022,2022/2023,England
Brentford FC,Fin Stevens,19.0,Right-Back,Brentford B,-,in,Summer,,Premier League,2022,2022/2023,England
Brentford FC,Tariqe Fosu,27.0,Left Winger,Stoke City,"End of loanMay 31, 2023",in,Summer,,Premier League,2022,2022/2023,England
Brentford FC,Luka Racic,23.0,Centre-Back,HB Köge,"End of loanJun 30, 2022",in,Summer,,Premier League,2022,2022/2023,England
Brentford FC,Joel Valencia,27.0,Right Winger,Alcorcón,"End of loanJun 30, 2022",in,Summer,,Premier League,2022,2022/2023,England
Brentford FC,Halil Dervisoglu,23.0,Centre-Forward,Burnley,"End of loanMay 31, 2023",in,Summer,,Premier League,2022,2022/2023,England
Brentford FC,Halil Dervisoglu,22.0,Centre-Forward,Galatasaray,"End of loanJun 30, 2022",in,Summer,,Premier League,2022,2022/2023,England
Brentford FC,Fin Stevens,20.0,Right-Back,Swansea,"End of loanMay 31, 2023",in,Summer,,Premier League,2022,2022/2023,England
Brentford FC,Marcus Forss,23.0,Centre-Forward,Middlesbrough,€3.60m,out,Summer,3.6,Premier League,2022,2022/2023,England
Brentford FC,Christian Eriksen,30.0,Attacking Midfield,Man Utd,free transfer,out,Summer,0.0,Premier League,2022,2022/2023,England
Brentford FC,Julian Jeanvier,30.0,Centre-Back,AJ Auxerre,free transfer,out,Summer,0.0,Premier League,2022,2022/2023,England
Brentford FC,Luka Racic,23.0,Centre-Back,SönderjyskE,?,out,Summer,,Premier League,2022,2022/2023,England
Brentford FC,Dominic Thompson,21.0,Left-Back,Blackpool,?,out,Summer,,Premier League,2022,2022/2023,England
Brentford FC,Fin Stevens,19.0,Right-Back,Swansea,loan transfer,out,Summer,,Premier League,2022,2022/2023,England
Brentford FC,Mads Bech Sörensen,23.0,Centre-Back,OGC Nice,loan transfer,out,Summer,,Premier League,2022,2022/2023,England
Brentford FC,Halil Dervisoglu,22.0,Centre-Forward,Burnley,loan transfer,out,Summer,,Premier League,2022,2022/2023,England
Brentford FC,Tariqe Fosu,26.0,Left Winger,Stoke City,loan transfer,out,Summer,,Premier League,2022,2022/2023,England
Brentford FC,Joel Valencia,27.0,Right Winger,De Graafschap,loan transfer,out,Summer,,Premier League,2022,2022/2023,England
Brentford FC,Jonas Lössl,33.0,Goalkeeper,FC Midtjylland,"End of loanJun 30, 2022",out,Summer,,Premier League,2022,2022/2023,England
Brentford FC,Álvaro Fernández,24.0,Goalkeeper,SD Huesca,"End of loanJun 30, 2022",out,Summer,,Premier League,2022,2022/2023,England
Brighton & Hove Albion,Pervis Estupiñán,24.0,Left-Back,Villarreal,€17.80m,in,Summer,17.8,Premier League,2022,2022/2023,England
Brighton & Hove Albion,Julio Enciso,18.0,Second Striker,Libertad,€11.60m,in,Summer,11.6,Premier League,2022,2022/2023,England
Brighton & Hove Albion,Billy Gilmour,21.0,Central Midfield,Chelsea,€10.40m,in,Summer,10.4,Premier League,2022,2022/2023,England
Brighton & Hove Albion,Simon Adingra,20.0,Left Winger,Nordsjaelland,€8.00m,in,Summer,8.0,Premier League,2022,2022/2023,England
Brighton & Hove Albion,Levi Colwill,19.0,Centre-Back,Chelsea U21,loan transfer,in,Summer,,Premier League,2022,2022/2023,England
Brighton & Hove Albion,Taylor Richards,22.0,Central Midfield,QPR,"End of loanMay 31, 2023",in,Summer,,Premier League,2022,2022/2023,England
Brighton & Hove Albion,Florin Andone,29.0,Centre-Forward,Cádiz CF,"End of loanJun 30, 2022",in,Summer,,Premier League,2022,2022/2023,England
Brighton & Hove Albion,Shane Duffy,31.0,Centre-Back,Fulham,"End of loanMay 31, 2023",in,Summer,,Premier League,2022,2022/2023,England
Brighton & Hove Albion,Haydon Roberts,21.0,Centre-Back,Derby,"End of loanMay 31, 2023",in,Summer,,Premier League,2022,2022/2023,England
Brighton & Hove Albion,Kjell Scherpen,22.0,Goalkeeper,KV Oostende,"End of loanJun 30, 2022",in,Summer,,Premier League,2022,2022/2023,England
Brighton & Hove Albion,Deniz Undav,25.0,Centre-Forward,Union SG,"End of loanJun 30, 2022",in,Summer,,Premier League,2022,2022/2023,England
Brighton & Hove Albion,Leo Östigard,22.0,Centre-Back,Genoa,"End of loanJun 30, 2022",in,Summer,,Premier League,2022,2022/2023,England
Brighton & Hove Albion,Kacper Kozlowski,18.0,Central Midfield,Union SG,"End of loanJun 30, 2022",in,Summer,,Premier League,2022,2022/2023,England
Brighton & Hove Albion,Andi Zeqiri,23.0,Centre-Forward,FC Augsburg,"End of loanJun 30, 2022",in,Summer,,Premier League,2022,2022/2023,England
Brighton & Hove Albion,Michal Karbownik,21.0,Right-Back,Olympiacos,"End of loanJun 30, 2022",in,Summer,,Premier League,2022,2022/2023,England
Brighton & Hove Albion,Marc Cucurella,24.0,Left-Back,Chelsea,€65.30m,out,Summer,65.3,Premier League,2022,2022/2023,England
Brighton & Hove Albion,Yves Bissouma,25.0,Central Midfield,Spurs,€29.20m,out,Summer,29.2,Premier League,2022,2022/2023,England
Brighton & Hove Albion,Neal Maupay,26.0,Centre-Forward,Everton,€11.80m,out,Summer,11.8,Premier League,2022,2022/2023,England
Brighton & Hove Albion,Leo Östigard,22.0,Centre-Back,SSC Napoli,€5.00m,out,Summer,5.0,Premier League,2022,2022/2023,England
Brighton & Hove Albion,Matt Clarke,25.0,Centre-Back,Middlesbrough,€2.60m,out,Summer,2.6,Premier League,2022,2022/2023,England
Brighton & Hove Albion,Florin Andone,29.0,Centre-Forward,UD Las Palmas,free transfer,out,Summer,0.0,Premier League,2022,2022/2023,England
Brighton & Hove Albion,Tudor Baluta,23.0,Defensive Midfield,FCV Farul,free transfer,out,Summer,0.0,Premier League,2022,2022/2023,England
Brighton & Hove Albion,Andi Zeqiri,23.0,Centre-Forward,FC Basel,loan transfer,out,Summer,,Premier League,2022,2022/2023,England
Brighton & Hove Albion,Taylor Richards,21.0,Central Midfield,QPR,loan transfer,out,Summer,,Premier League,2022,2022/2023,England
Brighton & Hove Albion,Michal Karbownik,21.0,Right-Back,F. Düsseldorf,loan transfer,out,Summer,,Premier League,2022,2022/2023,England
Brighton & Hove Albion,Shane Duffy,30.0,Centre-Back,Fulham,loan transfer,out,Summer,,Premier League,2022,2022/2023,England
Brighton & Hove Albion,Kjell Scherpen,22.0,Goalkeeper,Vitesse,loan transfer,out,Summer,,Premier League,2022,2022/2023,England
Brighton & Hove Albion,Kacper Kozlowski,18.0,Central Midfield,Vitesse,loan transfer,out,Summer,,Premier League,2022,2022/2023,England
Brighton & Hove Albion,Steven Alzate,23.0,Central Midfield,Standard Liège,loan transfer,out,Summer,,Premier League,2022,2022/2023,England
Brighton & Hove Albion,Aaron Connolly,22.0,Centre-Forward,Venezia,loan transfer,out,Summer,,Premier League,2022,2022/2023,England
Brighton & Hove Albion,Abdallah Sima,21.0,Right Winger,Angers SCO,loan transfer,out,Summer,,Premier League,2022,2022/2023,England
Brighton & Hove Albion,Haydon Roberts,20.0,Centre-Back,Derby,loan transfer,out,Summer,,Premier League,2022,2022/2023,England
Brighton & Hove Albion,Simon Adingra,20.0,Left Winger,Union SG,loan transfer,out,Summer,,Premier League,2022,2022/2023,England
Brighton & Hove Albion,Levi Colwill,20.0,Centre-Back,Chelsea U21,"End of loanMay 31, 2023",out,Summer,,Premier League,2022,2022/2023,England
Chelsea FC,Wesley Fofana,21.0,Centre-Back,Leicester,€80.40m,in,Summer,80.4,Premier League,2022,2022/2023,England
Chelsea FC,Marc Cucurella,24.0,Left-Back,Brighton,€65.30m,in,Summer,65.3,Premier League,2022,2022/2023,England
Chelsea FC,Raheem Sterling,27.0,Left Winger,Man City,€56.20m,in,Summer,56.2,Premier League,2022,2022/2023,England
Chelsea FC,Kalidou Koulibaly,31.0,Centre-Back,SSC Napoli,€38.00m,in,Summer,38.0,Premier League,2022,2022/2023,England
Chelsea FC,Carney Chukwuemeka,18.0,Central Midfield,Aston Villa,€18.00m,in,Summer,18.0,Premier League,2022,2022/2023,England
Chelsea FC,Pierre-Emerick Aubameyang,33.0,Centre-Forward,Barcelona,€12.00m,in,Summer,12.0,Premier League,2022,2022/2023,England
Chelsea FC,Gabriel Slonina,18.0,Goalkeeper,Chicago,€9.09m,in,Summer,9.09,Premier League,2022,2022/2023,England
Chelsea FC,Denis Zakaria,25.0,Defensive Midfield,Juventus,Loan fee:€3.00m,in,Summer,3.0,Premier League,2022,2022/2023,England
Chelsea FC,Armando Broja,20.0,Centre-Forward,Chelsea U21,-,in,Summer,,Premier League,2022,2022/2023,England
Chelsea FC,Conor Gallagher,22.0,Central Midfield,Chelsea U21,-,in,Summer,,Premier League,2022,2022/2023,England
Chelsea FC,Abdul-Rahman Baba,28.0,Left-Back,Reading,"End of loanMay 31, 2023",in,Summer,,Premier League,2022,2022/2023,England
Chelsea FC,Ethan Ampadu,21.0,Centre-Back,Venezia,"End of loanJun 30, 2022",in,Summer,,Premier League,2022,2022/2023,England
Chelsea FC,Matt Miazga,26.0,Centre-Back,Alavés,"End of loanJun 30, 2022",in,Summer,,Premier League,2022,2022/2023,England
Chelsea FC,Emerson,27.0,Left-Back,Olympique Lyon,"End of loanJun 30, 2022",in,Summer,,Premier League,2022,2022/2023,England
Chelsea FC,Michy Batshuayi,28.0,Centre-Forward,Besiktas,"End of loanJun 30, 2022",in,Summer,,Premier League,2022,2022/2023,England
Chelsea FC,Timo Werner,26.0,Centre-Forward,RB Leipzig,€20.00m,out,Summer,20.0,Premier League,2022,2022/2023,England
Chelsea FC,Emerson,28.0,Left-Back,West Ham,€15.40m,out,Summer,15.4,Premier League,2022,2022/2023,England
Chelsea FC,Billy Gilmour,21.0,Central Midfield,Brighton,€10.40m,out,Summer,10.4,Premier League,2022,2022/2023,England
Chelsea FC,Romelu Lukaku,29.0,Centre-Forward,Inter,Loan fee:€8.00m,out,Summer,8.0,Premier League,2022,2022/2023,England
Chelsea FC,Michy Batshuayi,28.0,Centre-Forward,Fenerbahce,€3.50m,out,Summer,3.5,Premier League,2022,2022/2023,England
Chelsea FC,Malang Sarr,23.0,Centre-Back,Monaco,Loan fee:€1.00m,out,Summer,1.0,Premier League,2022,2022/2023,England
Chelsea FC,Kenedy,26.0,Left Winger,Real Valladolid,€500Th.,out,Summer,0.5,Premier League,2022,2022/2023,England
Chelsea FC,Jake Clarke-Salter,24.0,Centre-Back,QPR,free transfer,out,Summer,0.0,Premier League,2022,2022/2023,England
Chelsea FC,Antonio Rüdiger,29.0,Centre-Back,Real Madrid,free transfer,out,Summer,0.0,Premier League,2022,2022/2023,England
Chelsea FC,Marcos Alonso,31.0,Left-Back,Barcelona,free transfer,out,Summer,0.0,Premier League,2022,2022/2023,England
Chelsea FC,Matt Miazga,27.0,Centre-Back,Cincinnati,free transfer,out,Summer,0.0,Premier League,2022,2022/2023,England
Chelsea FC,Charly Musonda Jr.,25.0,Attacking Midfield,Levante,free transfer,out,Summer,0.0,Premier League,2022,2022/2023,England
Chelsea FC,Andreas Christensen,26.0,Centre-Back,Barcelona,free transfer,out,Summer,0.0,Premier League,2022,2022/2023,England
Chelsea FC,Gabriel Slonina,18.0,Goalkeeper,Chicago,loan transfer,out,Summer,,Premier League,2022,2022/2023,England
Chelsea FC,Ethan Ampadu,21.0,Centre-Back,Spezia Calcio,loan transfer,out,Summer,,Premier League,2022,2022/2023,England
Chelsea FC,Callum Hudson-Odoi,21.0,Right Winger,Bay. Leverkusen,loan transfer,out,Summer,,Premier League,2022,2022/2023,England
Chelsea FC,Abdul-Rahman Baba,28.0,Left-Back,Reading,loan transfer,out,Summer,,Premier League,2022,2022/2023,England
Chelsea FC,Ross Barkley,28.0,Central Midfield,Without Club,-,out,Summer,,Premier League,2022,2022/2023,England
Chelsea FC,Danny Drinkwater,32.0,Central Midfield,Without Club,-,out,Summer,,Premier League,2022,2022/2023,England
Chelsea FC,Saúl Ñíguez,27.0,Central Midfield,Atlético Madrid,"End of loanJun 30, 2022",out,Summer,,Premier League,2022,2022/2023,England
Crystal Palace,Cheick Doucouré,22.0,Defensive Midfield,Lens,€22.60m,in,Summer,22.6,Premier League,2022,2022/2023,England
Crystal Palace,Chris Richards,22.0,Centre-Back,Bayern Munich,€12.00m,in,Summer,12.0,Premier League,2022,2022/2023,England
Crystal Palace,Sam Johnstone,29.0,Goalkeeper,West Brom,free transfer,in,Summer,0.0,Premier League,2022,2022/2023,England
Crystal Palace,Malcolm Ebiowei,18.0,Right Winger,Derby,free transfer,in,Summer,0.0,Premier League,2022,2022/2023,England
Crystal Palace,Jacob Montes,23.0,Attacking Midfield,RWDM,"End of loanJun 30, 2022",in,Summer,,Premier League,2022,2022/2023,England
Crystal Palace,Remi Matthews,29.0,Goalkeeper,St. Johnstone,"End of loanMay 31, 2023",in,Summer,,Premier League,2022,2022/2023,England
Crystal Palace,Christian Benteke,31.0,Centre-Forward,D.C. United,€5.46m,out,Summer,5.46,Premier League,2022,2022/2023,England
Crystal Palace,Jaroslaw Jach,28.0,Centre-Back,Zaglebie Lubin,free transfer,out,Summer,0.0,Premier League,2022,2022/2023,England
Crystal Palace,Martin Kelly,32.0,Right-Back,West Brom,free transfer,out,Summer,0.0,Premier League,2022,2022/2023,England
Crystal Palace,Jacob Montes,23.0,Attacking Midfield,Botafogo,free transfer,out,Summer,0.0,Premier League,2022,2022/2023,England
Crystal Palace,Cheikhou Kouyaté,32.0,Defensive Midfield,Nottm Forest,free transfer,out,Summer,0.0,Premier League,2022,2022/2023,England
Crystal Palace,Luke Plange,19.0,Centre-Forward,RWDM,loan transfer,out,Summer,,Premier League,2022,2022/2023,England
Crystal Palace,Remi Matthews,28.0,Goalkeeper,St. Johnstone,loan transfer,out,Summer,,Premier League,2022,2022/2023,England
Everton FC,Amadou Onana,20.0,Defensive Midfield,LOSC Lille,€35.00m,in,Summer,35.0,Premier League,2022,2022/2023,England
Everton FC,Dwight McNeil,22.0,Left Winger,Burnley,€24.00m,in,Summer,24.0,Premier League,2022,2022/2023,England
Everton FC,Neal Maupay,26.0,Centre-Forward,Brighton,€11.80m,in,Summer,11.8,Premier League,2022,2022/2023,England
Everton FC,James Garner,21.0,Defensive Midfield,Man Utd U21,€10.40m,in,Summer,10.4,Premier League,2022,2022/2023,England
Everton FC,Idrissa Gueye,32.0,Central Midfield,Paris SG,€4.00m,in,Summer,4.0,Premier League,2022,2022/2023,England
Everton FC,James Tarkowski,29.0,Centre-Back,Burnley,free transfer,in,Summer,0.0,Premier League,2022,2022/2023,England
Everton FC,Rúben Vinagre,23.0,Left-Back,Sporting CP,loan transfer,in,Summer,,Premier League,2022,2022/2023,England
Everton FC,Conor Coady,29.0,Centre-Back,Wolves,loan transfer,in,Summer,,Premier League,2022,2022/2023,England
Everton FC,João Virgínia,22.0,Goalkeeper,Sporting CP,"End of loanJun 30, 2022",in,Summer,,Premier League,2022,2022/2023,England
Everton FC,Niels Nkounkou,22.0,Left-Back,Cardiff,"End of loanMay 31, 2023",in,Summer,,Premier League,2022,2022/2023,England
Everton FC,Jean-Philippe Gbamin,26.0,Defensive Midfield,CSKA Moscow,"End of loanJun 30, 2022",in,Summer,,Premier League,2022,2022/2023,England
Everton FC,Niels Nkounkou,21.0,Left-Back,Standard Liège,"End of loanJun 30, 2022",in,Summer,,Premier League,2022,2022/2023,England
Everton FC,Richarlison,25.0,Centre-Forward,Spurs,€58.00m,out,Summer,58.0,Premier League,2022,2022/2023,England
Everton FC,Cenk Tosun,31.0,Centre-Forward,Besiktas,free transfer,out,Summer,0.0,Premier League,2022,2022/2023,England
Everton FC,Jonjoe Kenny,25.0,Right-Back,Hertha BSC,free transfer,out,Summer,0.0,Premier League,2022,2022/2023,England
Everton FC,Jean-Philippe Gbamin,26.0,Defensive Midfield,Trabzonspor,loan transfer,out,Summer,,Premier League,2022,2022/2023,England
Everton FC,Dele Alli,26.0,Attacking Midfield,Besiktas,loan transfer,out,Summer,,Premier League,2022,2022/2023,England
Everton FC,André Gomes,29.0,Central Midfield,LOSC Lille,loan transfer,out,Summer,,Premier League,2022,2022/2023,England
Everton FC,Niels Nkounkou,21.0,Left-Back,Cardiff,loan transfer,out,Summer,,Premier League,2022,2022/2023,England
Everton FC,Jarrad Branthwaite,20.0,Centre-Back,PSV Eindhoven,loan transfer,out,Summer,,Premier League,2022,2022/2023,England
Everton FC,João Virgínia,22.0,Goalkeeper,SC Cambuur,loan transfer,out,Summer,,Premier League,2022,2022/2023,England
Everton FC,Gylfi Sigurdsson,32.0,Attacking Midfield,Without Club,-,out,Summer,,Premier League,2022,2022/2023,England
Everton FC,Fabian Delph,32.0,Central Midfield,Without Club,-,out,Summer,,Premier League,2022,2022/2023,England
Everton FC,Anwar El Ghazi,27.0,Right Winger,Aston Villa,"End of loanJun 30, 2022",out,Summer,,Premier League,2022,2022/2023,England
Fulham FC,João Palhinha,26.0,Defensive Midfield,Sporting CP,€20.00m,in,Summer,20.0,Premier League,2022,2022/2023,England
Fulham FC,Issa Diop,25.0,Centre-Back,West Ham,€17.80m,in,Summer,17.8,Premier League,2022,2022/2023,England
Fulham FC,Andreas Pereira,26.0,Attacking Midfield,Man Utd,€9.50m,in,Summer,9.5,Premier League,2022,2022/2023,England
Fulham FC,Kevin Mbabu,27.0,Right-Back,VfL Wolfsburg,€5.50m,in,Summer,5.5,Premier League,2022,2022/2023,England
Fulham FC,Carlos Vinícius,27.0,Centre-Forward,Benfica,€5.00m,in,Summer,5.0,Premier League,2022,2022/2023,England
Fulham FC,Bernd Leno,30.0,Goalkeeper,Arsenal,€3.60m,in,Summer,3.6,Premier League,2022,2022/2023,England
Fulham FC,Willian,34.0,Right Winger,Corinthians,free transfer,in,Summer,0.0,Premier League,2022,2022/2023,England
Fulham FC,Daniel James,24.0,Right Winger,Leeds,loan transfer,in,Summer,,Premier League,2022,2022/2023,England
Fulham FC,Layvin Kurzawa,29.0,Left-Back,Paris SG,loan transfer,in,Summer,,Premier League,2022,2022/2023,England
Fulham FC,Shane Duffy,30.0,Centre-Back,Brighton,loan transfer,in,Summer,,Premier League,2022,2022/2023,England
Fulham FC,Manor Solomon,23.0,Left Winger,Shakhtar D.,loan transfer,in,Summer,,Premier League,2022,2022/2023,England
Fulham FC,Rodrigo Muniz,22.0,Centre-Forward,Middlesbrough,"End of loanMay 31, 2023",in,Summer,,Premier League,2022,2022/2023,England
Fulham FC,Steven Sessegnon,23.0,Right-Back,Charlton,"End of loanMay 31, 2023",in,Summer,,Premier League,2022,2022/2023,England
Fulham FC,André Zambo Anguissa,26.0,Defensive Midfield,SSC Napoli,"End of loanJun 30, 2022",in,Summer,,Premier League,2022,2022/2023,England
Fulham FC,André Zambo Anguissa,26.0,Defensive Midfield,SSC Napoli,€15.00m,out,Summer,15.0,Premier League,2022,2022/2023,England
Fulham FC,Fábio Carvalho,19.0,Attacking Midfield,Liverpool,€5.90m,out,Summer,5.9,Premier League,2022,2022/2023,England
Fulham FC,Cyrus Christie,29.0,Right-Back,Hull City,free transfer,out,Summer,0.0,Premier League,2022,2022/2023,England
Fulham FC,Jean Michaël Seri,30.0,Central Midfield,Hull City,free transfer,out,Summer,0.0,Premier League,2022,2022/2023,England
Fulham FC,Alfie Mawson,28.0,Centre-Back,Wycombe,free transfer,out,Summer,0.0,Premier League,2022,2022/2023,England
Fulham FC,Paulo Gazzaniga,30.0,Goalkeeper,Girona,loan transfer,out,Summer,,Premier League,2022,2022/2023,England
Fulham FC,Terence Kongolo,28.0,Centre-Back,AC Le Havre,loan transfer,out,Summer,,Premier League,2022,2022/2023,England
Fulham FC,Tyrese Francois,22.0,Central Midfield,HNK Gorica,loan transfer,out,Summer,,Premier League,2022,2022/2023,England
Fulham FC,Joe Bryan,28.0,Left-Back,OGC Nice,loan transfer,out,Summer,,Premier League,2022,2022/2023,England
Fulham FC,Ivan Cavaleiro,28.0,Left Winger,Alanyaspor,loan transfer,out,Summer,,Premier League,2022,2022/2023,England
Fulham FC,Rodrigo Muniz,21.0,Centre-Forward,Middlesbrough,loan transfer,out,Summer,,Premier League,2022,2022/2023,England
Fulham FC,Steven Sessegnon,22.0,Right-Back,Charlton,loan transfer,out,Summer,,Premier League,2022,2022/2023,England
Fulham FC,Michael Hector,29.0,Centre-Back,Without Club,-,out,Summer,,Premier League,2022,2022/2023,England
Fulham FC,Fabri,34.0,Goalkeeper,Without Club,-,out,Summer,,Premier League,2022,2022/2023,England
Fulham FC,Shane Duffy,31.0,Centre-Back,Brighton,"End of loanMay 31, 2023",out,Summer,,Premier League,2022,2022/2023,England
Fulham FC,Daniel James,25.0,Right Winger,Leeds,"End of loanMay 31, 2023",out,Summer,,Premier League,2022,2022/2023,England
Leeds United,Brenden Aaronson,21.0,Attacking Midfield,RB Salzburg,€32.84m,in,Summer,32.84,Premier League,2022,2022/2023,England
Leeds United,Luis Sinisterra,23.0,Left Winger,Feyenoord,€25.00m,in,Summer,25.0,Premier League,2022,2022/2023,England
Leeds United,Tyler Adams,23.0,Defensive Midfield,RB Leipzig,€17.00m,in,Summer,17.0,Premier League,2022,2022/2023,England
Leeds United,Rasmus Kristensen,24.0,Right-Back,RB Salzburg,€13.00m,in,Summer,13.0,Premier League,2022,2022/2023,England
Leeds United,Marc Roca,25.0,Defensive Midfield,Bayern Munich,€12.00m,in,Summer,12.0,Premier League,2022,2022/2023,England
Leeds United,Darko Gyabi,18.0,Central Midfield,Man City U21,€5.80m,in,Summer,5.8,Premier League,2022,2022/2023,England
Leeds United,Wilfried Gnonto,18.0,Second Striker,FC Zürich,€4.50m,in,Summer,4.5,Premier League,2022,2022/2023,England
Leeds United,Joel Robles,32.0,Goalkeeper,Real Betis,free transfer,in,Summer,0.0,Premier League,2022,2022/2023,England
Leeds United,Ian Poveda,23.0,Right Winger,Blackpool,"End of loanMay 31, 2023",in,Summer,,Premier League,2022,2022/2023,England
Leeds United,Daniel James,25.0,Right Winger,Fulham,"End of loanMay 31, 2023",in,Summer,,Premier League,2022,2022/2023,England
Leeds United,Tyler Roberts,24.0,Second Striker,QPR,"End of loanMay 31, 2023",in,Summer,,Premier League,2022,2022/2023,England
Leeds United,Jamie Shackleton,23.0,Central Midfield,Millwall,"End of loanMay 31, 2023",in,Summer,,Premier League,2022,2022/2023,England
Leeds United,Mateusz Bogusz,20.0,Attacking Midfield,UD Ibiza,"End of loanJun 30, 2022",in,Summer,,Premier League,2022,2022/2023,England
Leeds United,Charlie Cresswell,20.0,Centre-Back,Millwall,"End of loanMay 31, 2023",in,Summer,,Premier League,2022,2022/2023,England
Leeds United,Laurens De Bock,29.0,Left-Back,Zulte Waregem,"End of loanJun 30, 2022",in,Summer,,Premier League,2022,2022/2023,England
Leeds United,Hélder Costa,28.0,Right Winger,Valencia,"End of loanJun 30, 2022",in,Summer,,Premier League,2022,2022/2023,England
Leeds United,Kiko Casilla,35.0,Goalkeeper,Elche CF,"End of loanJun 30, 2022",in,Summer,,Premier League,2022,2022/2023,England
Leeds United,Raphinha,25.0,Right Winger,Barcelona,€58.00m,out,Summer,58.0,Premier League,2022,2022/2023,England
Leeds United,Kalvin Phillips,26.0,Defensive Midfield,Man City,€49.00m,out,Summer,49.0,Premier League,2022,2022/2023,England
Leeds United,Leif Davis,22.0,Left-Back,Ipswich,€1.20m,out,Summer,1.2,Premier League,2022,2022/2023,England
Leeds United,Kiko Casilla,35.0,Goalkeeper,Getafe,free transfer,out,Summer,0.0,Premier League,2022,2022/2023,England
Leeds United,Laurens De Bock,29.0,Left-Back,Zulte Waregem,free transfer,out,Summer,0.0,Premier League,2022,2022/2023,England
Leeds United,Liam McCarron,21.0,Left-Back,Stoke City,?,out,Summer,,Premier League,2022,2022/2023,England
Leeds United,Mateusz Bogusz,21.0,Attacking Midfield,UD Ibiza,loan transfer,out,Summer,,Premier League,2022,2022/2023,England
Leeds United,Charlie Cresswell,19.0,Centre-Back,Millwall,loan transfer,out,Summer,,Premier League,2022,2022/2023,England
Leeds United,Jamie Shackleton,22.0,Central Midfield,Millwall,loan transfer,out,Summer,,Premier League,2022,2022/2023,England
Leeds United,Ian Poveda,22.0,Right Winger,Blackpool,loan transfer,out,Summer,,Premier League,2022,2022/2023,England
Leeds United,Daniel James,24.0,Right Winger,Fulham,loan transfer,out,Summer,,Premier League,2022,2022/2023,England
Leeds United,Tyler Roberts,23.0,Second Striker,QPR,loan transfer,out,Summer,,Premier League,2022,2022/2023,England
Leeds United,Hélder Costa,28.0,Right Winger,Al-Ittihad Club,loan transfer,out,Summer,,Premier League,2022,2022/2023,England
Leicester City,Wout Faes,24.0,Centre-Back,Stade Reims,€17.00m,in,Summer,17.0,Premier League,2022,2022/2023,England
Leicester City,Alex Smithies,32.0,Goalkeeper,Cardiff,free transfer,in,Summer,0.0,Premier League,2022,2022/2023,England
Leicester City,Dennis Praet,28.0,Central Midfield,Torino,"End of loanJun 30, 2022",in,Summer,,Premier League,2022,2022/2023,England
Leicester City,Hamza Choudhury,25.0,Central Midfield,Watford,"End of loanMay 31, 2023",in,Summer,,Premier League,2022,2022/2023,England
Leicester City,George Hirst,24.0,Centre-Forward,Blackburn,"End of loanMay 31, 2023",in,Summer,,Premier League,2022,2022/2023,England
Leicester City,Wesley Fofana,21.0,Centre-Back,Chelsea,€80.40m,out,Summer,80.4,Premier League,2022,2022/2023,England
Leicester City,Kasper Schmeichel,35.0,Goalkeeper,OGC Nice,€1.00m,out,Summer,1.0,Premier League,2022,2022/2023,England
Leicester City,Hamza Choudhury,24.0,Central Midfield,Watford,loan transfer,out,Summer,,Premier League,2022,2022/2023,England
Leicester City,George Hirst,23.0,Centre-Forward,Blackburn,loan transfer,out,Summer,,Premier League,2022,2022/2023,England
Leicester City,Eldin Jakupovic,37.0,Goalkeeper,Without Club,-,out,Summer,,Premier League,2022,2022/2023,England
Leicester City,Ademola Lookman,24.0,Left Winger,RB Leipzig,"End of loanJun 30, 2022",out,Summer,,Premier League,2022,2022/2023,England
Liverpool FC,Darwin Núñez,23.0,Centre-Forward,Benfica,€75.00m,in,Summer,75.0,Premier League,2022,2022/2023,England
Liverpool FC,Fábio Carvalho,19.0,Attacking Midfield,Fulham,€5.90m,in,Summer,5.9,Premier League,2022,2022/2023,England
Liverpool FC,Calvin Ramsay,18.0,Right-Back,Aberdeen FC,€4.90m,in,Summer,4.9,Premier League,2022,2022/2023,England
Liverpool FC,Arthur Melo,26.0,Central Midfield,Juventus,Loan fee:€4.50m,in,Summer,4.5,Premier League,2022,2022/2023,England
Liverpool FC,Marko Grujic,26.0,Central Midfield,FC Porto,"End of loanJun 30, 2022",in,Summer,,Premier League,2022,2022/2023,England
Liverpool FC,Rhys Williams,22.0,Centre-Back,Blackpool,"End of loanMay 31, 2023",in,Summer,,Premier League,2022,2022/2023,England
Liverpool FC,Sadio Mané,30.0,Left Winger,Bayern Munich,€32.00m,out,Summer,32.0,Premier League,2022,2022/2023,England
Liverpool FC,Neco Williams,21.0,Right-Back,Nottm Forest,€20.00m,out,Summer,20.0,Premier League,2022,2022/2023,England
Liverpool FC,Takumi Minamino,27.0,Left Winger,Monaco,€15.00m,out,Summer,15.0,Premier League,2022,2022/2023,England
Liverpool FC,Marko Grujic,26.0,Central Midfield,FC Porto,€9.00m,out,Summer,9.0,Premier League,2022,2022/2023,England
Liverpool FC,Ben Davies,26.0,Centre-Back,Rangers,€4.70m,out,Summer,4.7,Premier League,2022,2022/2023,England
Liverpool FC,Ben Woodburn,22.0,Attacking Midfield,Preston,free transfer,out,Summer,0.0,Premier League,2022,2022/2023,England
Liverpool FC,Sheyi Ojo,25.0,Left Winger,Cardiff,free transfer,out,Summer,0.0,Premier League,2022,2022/2023,England
Liverpool FC,Divock Origi,27.0,Centre-Forward,AC Milan,free transfer,out,Summer,0.0,Premier League,2022,2022/2023,England
Liverpool FC,Rhys Williams,21.0,Centre-Back,Blackpool,loan transfer,out,Summer,,Premier League,2022,2022/2023,England
Liverpool FC,Sepp van den Berg,20.0,Centre-Back,FC Schalke 04,loan transfer,out,Summer,,Premier League,2022,2022/2023,England
Liverpool FC,Loris Karius,29.0,Goalkeeper,Without Club,-,out,Summer,,Premier League,2022,2022/2023,England
Manchester City,Erling Haaland,21.0,Centre-Forward,Bor. Dortmund,€60.00m,in,Summer,60.0,Premier League,2022,2022/2023,England
Manchester City,Kalvin Phillips,26.0,Defensive Midfield,Leeds,€49.00m,in,Summer,49.0,Premier League,2022,2022/2023,England
Manchester City,Manuel Akanji,27.0,Centre-Back,Bor. Dortmund,€17.50m,in,Summer,17.5,Premier League,2022,2022/2023,England
Manchester City,Sergio Gómez,21.0,Left-Back,RSC Anderlecht,€13.00m,in,Summer,13.0,Premier League,2022,2022/2023,England
Manchester City,Stefan Ortega,29.0,Goalkeeper,Arm. Bielefeld,free transfer,in,Summer,0.0,Premier League,2022,2022/2023,England
Manchester City,Marlos Moreno,25.0,Right Winger,KV Kortrijk,"End of loanJun 30, 2022",in,Summer,,Premier League,2022,2022/2023,England
Manchester City,Pedro Porro,22.0,Right-Back,Sporting CP,"End of loanJun 30, 2022",in,Summer,,Premier League,2022,2022/2023,England
Manchester City,Nahuel Bustos,23.0,Centre-Forward,Girona,"End of loanJun 30, 2022",in,Summer,,Premier League,2022,2022/2023,England
Manchester City,Thomas Agyepong,25.0,Left Winger,Lommel SK,"End of loanJun 30, 2022",in,Summer,,Premier League,2022,2022/2023,England
Manchester City,Ante Palaversa,22.0,Central Midfield,KV Kortrijk,"End of loanJun 30, 2022",in,Summer,,Premier League,2022,2022/2023,England
Manchester City,Diego Rosa,19.0,Central Midfield,Lommel SK,"End of loanJun 30, 2022",in,Summer,,Premier League,2022,2022/2023,England
Manchester City,Issa Kaboré,21.0,Right-Back,Troyes,"End of loanJun 30, 2022",in,Summer,,Premier League,2022,2022/2023,England
Manchester City,Julián Álvarez,22.0,Centre-Forward,River Plate,"End of loanJul 7, 2022",in,Summer,,Premier League,2022,2022/2023,England
Manchester City,Ryotaro Meshino,24.0,Left Winger,Estoril Praia,"End of loanJun 30, 2022",in,Summer,,Premier League,2022,2022/2023,England
Manchester City,Zack Steffen,28.0,Goalkeeper,Middlesbrough,"End of loanMay 31, 2023",in,Summer,,Premier League,2022,2022/2023,England
Manchester City,Arijanet Muric,23.0,Goalkeeper,Adana Demirspor,"End of loanJun 30, 2022",in,Summer,,Premier League,2022,2022/2023,England
Manchester City,Daniel Arzani,23.0,Left Winger,Lommel SK,"End of loanJun 30, 2022",in,Summer,,Premier League,2022,2022/2023,England
Manchester City,Ko Itakura,25.0,Centre-Back,FC Schalke 04,"End of loanJun 30, 2022",in,Summer,,Premier League,2022,2022/2023,England
Manchester City,Yan Couto,20.0,Right-Back,SC Braga,"End of loanJun 30, 2022",in,Summer,,Premier League,2022,2022/2023,England
Manchester City,Yangel Herrera,24.0,Central Midfield,Espanyol,"End of loanJun 30, 2022",in,Summer,,Premier League,2022,2022/2023,England
Manchester City,Raheem Sterling,27.0,Left Winger,Chelsea,€56.20m,out,Summer,56.2,Premier League,2022,2022/2023,England
Manchester City,Gabriel Jesus,25.0,Centre-Forward,Arsenal,€52.20m,out,Summer,52.2,Premier League,2022,2022/2023,England
Manchester City,Oleksandr Zinchenko,25.0,Left-Back,Arsenal,€35.00m,out,Summer,35.0,Premier League,2022,2022/2023,England
Manchester City,Pedro Porro,22.0,Right-Back,Sporting CP,€8.50m,out,Summer,8.5,Premier League,2022,2022/2023,England
Manchester City,Ko Itakura,25.0,Centre-Back,Bor. M'gladbach,€5.00m,out,Summer,5.0,Premier League,2022,2022/2023,England
Manchester City,Arijanet Muric,23.0,Goalkeeper,Burnley,€3.00m,out,Summer,3.0,Premier League,2022,2022/2023,England
Manchester City,Daniel Arzani,23.0,Left Winger,Macarthur,free transfer,out,Summer,0.0,Premier League,2022,2022/2023,England
Manchester City,Ryotaro Meshino,24.0,Left Winger,Gamba Osaka,free transfer,out,Summer,0.0,Premier League,2022,2022/2023,England
Manchester City,Fernandinho,37.0,Defensive Midfield,Athletico-PR,free transfer,out,Summer,0.0,Premier League,2022,2022/2023,England
Manchester City,Nahuel Bustos,24.0,Centre-Forward,São Paulo,loan transfer,out,Summer,,Premier League,2022,2022/2023,England
Manchester City,Ante Palaversa,22.0,Central Midfield,Troyes,?,out,Summer,,Premier League,2022,2022/2023,England
Manchester City,Marlos Moreno,25.0,Right Winger,Troyes,?,out,Summer,,Premier League,2022,2022/2023,England
Manchester City,Diego Rosa,19.0,Central Midfield,Vizela,loan transfer,out,Summer,,Premier League,2022,2022/2023,England
Manchester City,Issa Kaboré,21.0,Right-Back,Marseille,loan transfer,out,Summer,,Premier League,2022,2022/2023,England
Manchester City,Zack Steffen,27.0,Goalkeeper,Middlesbrough,loan transfer,out,Summer,,Premier League,2022,2022/2023,England
Manchester City,Yangel Herrera,24.0,Central Midfield,Girona,loan transfer,out,Summer,,Premier League,2022,2022/2023,England
Manchester City,Yan Couto,20.0,Right-Back,Girona,loan transfer,out,Summer,,Premier League,2022,2022/2023,England
Manchester City,Thomas Agyepong,25.0,Left Winger,Without Club,-,out,Summer,,Premier League,2022,2022/2023,England
Manchester United,Antony,22.0,Right Winger,Ajax,€95.00m,in,Summer,95.0,Premier League,2022,2022/2023,England
Manchester United,Casemiro,30.0,Defensive Midfield,Real Madrid,€70.65m,in,Summer,70.65,Premier League,2022,2022/2023,England
Manchester United,Lisandro Martínez,24.0,Centre-Back,Ajax,€57.37m,in,Summer,57.37,Premier League,2022,2022/2023,England
Manchester United,Tyrell Malacia,22.0,Left-Back,Feyenoord,€15.00m,in,Summer,15.0,Premier League,2022,2022/2023,England
Manchester United,Martin Dúbravka,33.0,Goalkeeper,Newcastle,Loan fee:€2.31m,in,Summer,2.31,Premier League,2022,2022/2023,England
Manchester United,Christian Eriksen,30.0,Attacking Midfield,Brentford,free transfer,in,Summer,0.0,Premier League,2022,2022/2023,England
Manchester United,Álvaro Fernandez,19.0,Left-Back,Man Utd U21,-,in,Summer,,Premier League,2022,2022/2023,England
Manchester United,Alejandro Garnacho,18.0,Left Winger,Man Utd U21,-,in,Summer,,Premier League,2022,2022/2023,England
Manchester United,Hannibal Mejbri,19.0,Attacking Midfield,Man Utd U21,-,in,Summer,,Premier League,2022,2022/2023,England
Manchester United,Facundo Pellistri,20.0,Right Winger,Alavés,"End of loanJun 30, 2022",in,Summer,,Premier League,2022,2022/2023,England
Manchester United,Dean Henderson,26.0,Goalkeeper,Nottm Forest,"End of loanMay 31, 2023",in,Summer,,Premier League,2022,2022/2023,England
Manchester United,Andreas Pereira,26.0,Attacking Midfield,Flamengo,"End of loanJun 30, 2022",in,Summer,,Premier League,2022,2022/2023,England
Manchester United,Amad Diallo,20.0,Right Winger,Sunderland,"End of loanMay 31, 2023",in,Summer,,Premier League,2022,2022/2023,England
Manchester United,Axel Tuanzebe,24.0,Centre-Back,SSC Napoli,"End of loanJun 30, 2022",in,Summer,,Premier League,2022,2022/2023,England
Manchester United,Hannibal Mejbri,20.0,Attacking Midfield,Birmingham,"End of loanMay 31, 2023",in,Summer,,Premier League,2022,2022/2023,England
Manchester United,Anthony Martial,26.0,Centre-Forward,Sevilla FC,"End of loanJun 30, 2022",in,Summer,,Premier League,2022,2022/2023,England
Manchester United,Álvaro Fernandez,20.0,Left-Back,Preston,"End of loanMay 31, 2023",in,Summer,,Premier League,2022,2022/2023,England
Manchester United,Andreas Pereira,26.0,Attacking Midfield,Fulham,€9.50m,out,Summer,9.5,Premier League,2022,2022/2023,England
Manchester United,Eric Bailly,28.0,Centre-Back,Marseille,Loan fee:€2.00m,out,Summer,2.0,Premier League,2022,2022/2023,England
Manchester United,Edinson Cavani,35.0,Centre-Forward,Valencia,free transfer,out,Summer,0.0,Premier League,2022,2022/2023,England
Manchester United,Jesse Lingard,29.0,Attacking Midfield,Nottm Forest,free transfer,out,Summer,0.0,Premier League,2022,2022/2023,England
Manchester United,Juan Mata,34.0,Attacking Midfield,Galatasaray,free transfer,out,Summer,0.0,Premier League,2022,2022/2023,England
Manchester United,Nemanja Matić,33.0,Defensive Midfield,AS Roma,free transfer,out,Summer,0.0,Premier League,2022,2022/2023,England
Manchester United,Paul Pogba,29.0,Central Midfield,Juventus,free transfer,out,Summer,0.0,Premier League,2022,2022/2023,England
Manchester United,Tahith Chong,22.0,Right Winger,Birmingham,?,out,Summer,,Premier League,2022,2022/2023,England
Manchester United,Dean Henderson,25.0,Goalkeeper,Nottm Forest,loan transfer,out,Summer,,Premier League,2022,2022/2023,England
Manchester United,Álvaro Fernandez,19.0,Left-Back,Preston,loan transfer,out,Summer,,Premier League,2022,2022/2023,England
Manchester United,Alex Telles,29.0,Left-Back,Sevilla FC,loan transfer,out,Summer,,Premier League,2022,2022/2023,England
Manchester United,Hannibal Mejbri,19.0,Attacking Midfield,Birmingham,loan transfer,out,Summer,,Premier League,2022,2022/2023,England
Manchester United,Amad Diallo,20.0,Right Winger,Sunderland,loan transfer,out,Summer,,Premier League,2022,2022/2023,England
Manchester United,Lee Grant,39.0,Goalkeeper,Retired,-,out,Summer,,Premier League,2022,2022/2023,England
Newcastle United,Alexander Isak,22.0,Centre-Forward,Real Sociedad,€70.00m,in,Summer,70.0,Premier League,2022,2022/2023,England
Newcastle United,Sven Botman,22.0,Centre-Back,LOSC Lille,€37.00m,in,Summer,37.0,Premier League,2022,2022/2023,England
Newcastle United,Matt Targett,26.0,Left-Back,Aston Villa,€17.50m,in,Summer,17.5,Premier League,2022,2022/2023,England
Newcastle United,Nick Pope,30.0,Goalkeeper,Burnley,€11.50m,in,Summer,11.5,Premier League,2022,2022/2023,England
Newcastle United,Kell Watts,22.0,Centre-Back,Newcastle U21,-,in,Summer,,Premier League,2022,2022/2023,England
Newcastle United,Elliot Anderson,19.0,Attacking Midfield,Newcastle U21,-,in,Summer,,Premier League,2022,2022/2023,England
Newcastle United,Ciaran Clark,33.0,Centre-Back,Sheff Utd,"End of loanMay 31, 2023",in,Summer,,Premier League,2022,2022/2023,England
Newcastle United,Jeff Hendrick,31.0,Central Midfield,Reading,"End of loanMay 31, 2023",in,Summer,,Premier League,2022,2022/2023,England
Newcastle United,Isaac Hayden,28.0,Defensive Midfield,Norwich,"End of loanMay 31, 2023",in,Summer,,Premier League,2022,2022/2023,England
Newcastle United,Martin Dúbravka,33.0,Goalkeeper,Man Utd,Loan fee:€2.31m,out,Summer,2.31,Premier League,2022,2022/2023,England
Newcastle United,Federico Fernández,33.0,Centre-Back,Elche CF,free transfer,out,Summer,0.0,Premier League,2022,2022/2023,England
Newcastle United,Dwight Gayle,32.0,Centre-Forward,Stoke City,free transfer,out,Summer,0.0,Premier League,2022,2022/2023,England
Newcastle United,Kell Watts,22.0,Centre-Back,Peterborough,loan transfer,out,Summer,,Premier League,2022,2022/2023,England
Newcastle United,Freddie Woodman,25.0,Goalkeeper,Preston,?,out,Summer,,Premier League,2022,2022/2023,England
Newcastle United,Jeff Hendrick,30.0,Central Midfield,Reading,loan transfer,out,Summer,,Premier League,2022,2022/2023,England
Newcastle United,Ciaran Clark,32.0,Centre-Back,Sheff Utd,loan transfer,out,Summer,,Premier League,2022,2022/2023,England
Newcastle United,Isaac Hayden,27.0,Defensive Midfield,Norwich,loan transfer,out,Summer,,Premier League,2022,2022/2023,England
Newcastle United,Matty Longstaff,22.0,Central Midfield,Colchester Utd.,loan transfer,out,Summer,,Premier League,2022,2022/2023,England
Nottingham Forest,Morgan Gibbs-White,22.0,Attacking Midfield,Wolves,€29.50m,in,Summer,29.5,Premier League,2022,2022/2023,England
Nottingham Forest,Taiwo Awoniyi,24.0,Centre-Forward,Union Berlin,€20.50m,in,Summer,20.5,Premier League,2022,2022/2023,England
Nottingham Forest,Neco Williams,21.0,Right-Back,Liverpool,€20.00m,in,Summer,20.0,Premier League,2022,2022/2023,England
Nottingham Forest,Emmanuel Dennis,24.0,Centre-Forward,Watford,€14.80m,in,Summer,14.8,Premier League,2022,2022/2023,England
Nottingham Forest,Orel Mangala,24.0,Central Midfield,VfB Stuttgart,€13.00m,in,Summer,13.0,Premier League,2022,2022/2023,England
Nottingham Forest,Moussa Niakhaté,26.0,Centre-Back,1.FSV Mainz 05,€10.00m,in,Summer,10.0,Premier League,2022,2022/2023,England
Nottingham Forest,Giulian Biancone,22.0,Right-Back,Troyes,€10.00m,in,Summer,10.0,Premier League,2022,2022/2023,England
Nottingham Forest,Lewis O'Brien,23.0,Central Midfield,Huddersfield,€9.40m,in,Summer,9.4,Premier League,2022,2022/2023,England
Nottingham Forest,Remo Freuler,30.0,Central Midfield,Atalanta BC,€9.00m,in,Summer,9.0,Premier League,2022,2022/2023,England
Nottingham Forest,Omar Richards,24.0,Left-Back,Bayern Munich,€8.50m,in,Summer,8.5,Premier League,2022,2022/2023,England
Nottingham Forest,Renan Lodi,24.0,Left-Back,Atlético Madrid,Loan fee:€5.00m,in,Summer,5.0,Premier League,2022,2022/2023,England
Nottingham Forest,Ui-jo Hwang,29.0,Centre-Forward,G. Bordeaux,€4.00m,in,Summer,4.0,Premier League,2022,2022/2023,England
Nottingham Forest,Willy Boly,31.0,Centre-Back,Wolves,€2.60m,in,Summer,2.6,Premier League,2022,2022/2023,England
Nottingham Forest,Harry Toffolo,26.0,Left-Back,Huddersfield,€2.40m,in,Summer,2.4,Premier League,2022,2022/2023,England
Nottingham Forest,Josh Bowler,23.0,Right Winger,Blackpool,€2.30m,in,Summer,2.3,Premier League,2022,2022/2023,England
Nottingham Forest,Brandon Aguilera,19.0,Attacking Midfield,LD Alajuelense,€950Th.,in,Summer,0.95,Premier League,2022,2022/2023,England
Nottingham Forest,Wayne Hennessey,35.0,Goalkeeper,Burnley,free transfer,in,Summer,0.0,Premier League,2022,2022/2023,England
Nottingham Forest,Cheikhou Kouyaté,32.0,Defensive Midfield,Crystal Palace,free transfer,in,Summer,0.0,Premier League,2022,2022/2023,England
Nottingham Forest,Jesse Lingard,29.0,Attacking Midfield,Man Utd,free transfer,in,Summer,0.0,Premier League,2022,2022/2023,England
Nottingham Forest,Dean Henderson,25.0,Goalkeeper,Man Utd,loan transfer,in,Summer,,Premier League,2022,2022/2023,England
Nottingham Forest,Loïc Badé,22.0,Centre-Back,Stade Rennais,loan transfer,in,Summer,,Premier League,2022,2022/2023,England
Nottingham Forest,Serge Aurier,29.0,Right-Back,Without Club,-,in,Summer,,Premier League,2022,2022/2023,England
Nottingham Forest,Jonathan Panzo,22.0,Centre-Back,Coventry,"End of loanMay 31, 2023",in,Summer,,Premier League,2022,2022/2023,England
Nottingham Forest,Nikolas Ioannou,26.0,Left-Back,Como,"End of loanJun 30, 2022",in,Summer,,Premier League,2022,2022/2023,England
Nottingham Forest,Carl Jenkinson,30.0,Right-Back,Melbourne City,"End of loanJun 30, 2022",in,Summer,,Premier League,2022,2022/2023,England
Nottingham Forest,Nuno Da Costa,31.0,Centre-Forward,SM Caen,"End of loanJun 30, 2022",in,Summer,,Premier League,2022,2022/2023,England
Nottingham Forest,Alex Mighten,21.0,Left Winger,Sheff Wed,"End of loanMay 31, 2023",in,Summer,,Premier League,2022,2022/2023,England
Nottingham Forest,Brice Samba,28.0,Goalkeeper,Lens,€5.00m,out,Summer,5.0,Premier League,2022,2022/2023,England
Nottingham Forest,Nuno Da Costa,31.0,Centre-Forward,AJ Auxerre,€2.00m,out,Summer,2.0,Premier League,2022,2022/2023,England
Nottingham Forest,Nikolas Ioannou,26.0,Left-Back,Como,free transfer,out,Summer,0.0,Premier League,2022,2022/2023,England
Nottingham Forest,Xande Silva,25.0,Right Winger,Dijon,free transfer,out,Summer,0.0,Premier League,2022,2022/2023,England
Nottingham Forest,Carl Jenkinson,30.0,Right-Back,Newcastle,free transfer,out,Summer,0.0,Premier League,2022,2022/2023,England
Nottingham Forest,Lewis Grabban,34.0,Centre-Forward,Al-Ahli SFC,free transfer,out,Summer,0.0,Premier League,2022,2022/2023,England
Nottingham Forest,Tobias Figueiredo,28.0,Centre-Back,Hull City,free transfer,out,Summer,0.0,Premier League,2022,2022/2023,England
Nottingham Forest,Joe Lolley,29.0,Right Winger,Sydney FC,?,out,Summer,,Premier League,2022,2022/2023,England
Nottingham Forest,Richie Laryea,27.0,Right-Back,Toronto,loan transfer,out,Summer,,Premier League,2022,2022/2023,England
Nottingham Forest,Braian Ojeda,22.0,Central Midfield,Salt Lake,loan transfer,out,Summer,,Premier League,2022,2022/2023,England
Nottingham Forest,Brandon Aguilera,19.0,Attacking Midfield,Guanacasteca,loan transfer,out,Summer,,Premier League,2022,2022/2023,England
Nottingham Forest,Alex Mighten,20.0,Left Winger,Sheff Wed,loan transfer,out,Summer,,Premier League,2022,2022/2023,England
Nottingham Forest,Ethan Horvath,27.0,Goalkeeper,Luton,loan transfer,out,Summer,,Premier League,2022,2022/2023,England
Nottingham Forest,Jonathan Panzo,21.0,Centre-Back,Coventry,loan transfer,out,Summer,,Premier League,2022,2022/2023,England
Nottingham Forest,Josh Bowler,23.0,Right Winger,Olympiacos,loan transfer,out,Summer,,Premier League,2022,2022/2023,England
Nottingham Forest,Ui-jo Hwang,29.0,Centre-Forward,Olympiacos,loan transfer,out,Summer,,Premier League,2022,2022/2023,England
Nottingham Forest,Gaëtan Bong,34.0,Left-Back,Without Club,-,out,Summer,,Premier League,2022,2022/2023,England
Nottingham Forest,Dean Henderson,26.0,Goalkeeper,Man Utd,"End of loanMay 31, 2023",out,Summer,,Premier League,2022,2022/2023,England
Southampton FC,Gavin Bazunu,20.0,Goalkeeper,Man City U21,€14.00m,in,Summer,14.0,Premier League,2022,2022/2023,England
Southampton FC,Sékou Mara,19.0,Centre-Forward,G. Bordeaux,€13.00m,in,Summer,13.0,Premier League,2022,2022/2023,England
Southampton FC,Roméo Lavia,18.0,Defensive Midfield,Man City U21,€12.30m,in,Summer,12.3,Premier League,2022,2022/2023,England
Southampton FC,Duje Caleta-Car,25.0,Centre-Back,Marseille,€10.00m,in,Summer,10.0,Premier League,2022,2022/2023,England
Southampton FC,Armel Bella-Kotchap,20.0,Centre-Back,VfL Bochum,€10.00m,in,Summer,10.0,Premier League,2022,2022/2023,England
Southampton FC,Joe Aribo,25.0,Central Midfield,Rangers,€7.10m,in,Summer,7.1,Premier League,2022,2022/2023,England
Southampton FC,Juan Larios,18.0,Left-Back,Man City U21,€7.00m,in,Summer,7.0,Premier League,2022,2022/2023,England
Southampton FC,Mateusz Lis,25.0,Goalkeeper,Altay SK,free transfer,in,Summer,0.0,Premier League,2022,2022/2023,England
Southampton FC,Samuel Edozie,19.0,Left Winger,Man City U21,?,in,Summer,,Premier League,2022,2022/2023,England
Southampton FC,Ainsley Maitland-Niles,25.0,Right Midfield,Arsenal,loan transfer,in,Summer,,Premier League,2022,2022/2023,England
Southampton FC,Jack Stephens,29.0,Centre-Back,Bournemouth,"End of loanMay 31, 2023",in,Summer,,Premier League,2022,2022/2023,England
Southampton FC,Nathan Tella,23.0,Right Winger,Burnley,"End of loanMay 31, 2023",in,Summer,,Premier League,2022,2022/2023,England
Southampton FC,Jan Bednarek,27.0,Centre-Back,Aston Villa,"End of loanMay 31, 2023",in,Summer,,Premier League,2022,2022/2023,England
Southampton FC,Will Smallbone,23.0,Central Midfield,Stoke City,"End of loanMay 31, 2023",in,Summer,,Premier League,2022,2022/2023,England
Southampton FC,Fraser Forster,34.0,Goalkeeper,Spurs,free transfer,out,Summer,0.0,Premier League,2022,2022/2023,England
Southampton FC,Nathan Redmond,28.0,Left Winger,Besiktas,free transfer,out,Summer,0.0,Premier League,2022,2022/2023,England
Southampton FC,Harry Lewis,24.0,Goalkeeper,Bradford,free transfer,out,Summer,0.0,Premier League,2022,2022/2023,England
Southampton FC,Shane Long,35.0,Centre-Forward,Reading,free transfer,out,Summer,0.0,Premier League,2022,2022/2023,England
Southampton FC,Oriol Romeu,30.0,Defensive Midfield,Girona,?,out,Summer,,Premier League,2022,2022/2023,England
Southampton FC,Yan Valery,23.0,Right-Back,Angers SCO,?,out,Summer,,Premier League,2022,2022/2023,England
Southampton FC,Jan Bednarek,26.0,Centre-Back,Aston Villa,loan transfer,out,Summer,,Premier League,2022,2022/2023,England
Southampton FC,Dan N'Lundulu,23.0,Centre-Forward,Cheltenham,loan transfer,out,Summer,,Premier League,2022,2022/2023,England
Southampton FC,Mateusz Lis,25.0,Goalkeeper,Troyes,loan transfer,out,Summer,,Premier League,2022,2022/2023,England
Southampton FC,Jack Stephens,28.0,Centre-Back,Bournemouth,loan transfer,out,Summer,,Premier League,2022,2022/2023,England
Southampton FC,Nathan Tella,23.0,Right Winger,Burnley,loan transfer,out,Summer,,Premier League,2022,2022/2023,England
Southampton FC,Will Smallbone,22.0,Central Midfield,Stoke City,loan transfer,out,Summer,,Premier League,2022,2022/2023,England
Southampton FC,Ainsley Maitland-Niles,25.0,Right Midfield,Arsenal,"End of loanMay 31, 2023",out,Summer,,Premier League,2022,2022/2023,England
Tottenham Hotspur,Richarlison,25.0,Centre-Forward,Everton,€58.00m,in,Summer,58.0,Premier League,2022,2022/2023,England
Tottenham Hotspur,Cristian Romero,24.0,Centre-Back,Atalanta BC,€50.00m,in,Summer,50.0,Premier League,2022,2022/2023,England
Tottenham Hotspur,Yves Bissouma,25.0,Central Midfield,Brighton,€29.20m,in,Summer,29.2,Premier League,2022,2022/2023,England
Tottenham Hotspur,Destiny Udogie,19.0,Left-Back,Udinese Calcio,€18.00m,in,Summer,18.0,Premier League,2022,2022/2023,England
Tottenham Hotspur,Djed Spence,21.0,Right-Back,Middlesbrough,€14.70m,in,Summer,14.7,Premier League,2022,2022/2023,England
Tottenham Hotspur,Ivan Perisic,33.0,Left Midfield,Inter,free transfer,in,Summer,0.0,Premier League,2022,2022/2023,England
Tottenham Hotspur,Fraser Forster,34.0,Goalkeeper,Southampton,free transfer,in,Summer,0.0,Premier League,2022,2022/2023,England
Tottenham Hotspur,Clément Lenglet,27.0,Centre-Back,Barcelona,loan transfer,in,Summer,,Premier League,2022,2022/2023,England
Tottenham Hotspur,Giovani Lo Celso,26.0,Central Midfield,Villarreal,"End of loanJun 30, 2022",in,Summer,,Premier League,2022,2022/2023,England
Tottenham Hotspur,Bryan Gil,21.0,Left Winger,Valencia,"End of loanJun 30, 2022",in,Summer,,Premier League,2022,2022/2023,England
Tottenham Hotspur,Tanguy Ndombélé,25.0,Central Midfield,Olympique Lyon,"End of loanJun 30, 2022",in,Summer,,Premier League,2022,2022/2023,England
Tottenham Hotspur,Pape Matar Sarr,19.0,Central Midfield,FC Metz,"End of loanJun 30, 2022",in,Summer,,Premier League,2022,2022/2023,England
Tottenham Hotspur,Steven Bergwijn,24.0,Left Winger,Ajax,€31.25m,out,Summer,31.25,Premier League,2022,2022/2023,England
Tottenham Hotspur,Cameron Carter-Vickers,24.0,Centre-Back,Celtic,€7.00m,out,Summer,7.0,Premier League,2022,2022/2023,England
Tottenham Hotspur,Tanguy Ndombélé,25.0,Central Midfield,SSC Napoli,Loan fee:€500Th.,out,Summer,0.5,Premier League,2022,2022/2023,England
Tottenham Hotspur,Jack Clarke,21.0,Left Winger,Sunderland,?,out,Summer,,Premier League,2022,2022/2023,England
Tottenham Hotspur,Sergio Reguilón,25.0,Left-Back,Atlético Madrid,loan transfer,out,Summer,,Premier League,2022,2022/2023,England
Tottenham Hotspur,Harry Winks,26.0,Defensive Midfield,Sampdoria,loan transfer,out,Summer,,Premier League,2022,2022/2023,England
Tottenham Hotspur,Destiny Udogie,19.0,Left-Back,Udinese Calcio,loan transfer,out,Summer,,Premier League,2022,2022/2023,England
Tottenham Hotspur,Giovani Lo Celso,26.0,Central Midfield,Villarreal,loan transfer,out,Summer,,Premier League,2022,2022/2023,England
Tottenham Hotspur,Joe Rodon,24.0,Centre-Back,Stade Rennais,loan transfer,out,Summer,,Premier League,2022,2022/2023,England
Tottenham Hotspur,Pierluigi Gollini,27.0,Goalkeeper,Atalanta BC,"End of loanJun 30, 2022",out,Summer,,Premier League,2022,2022/2023,England
West Ham United,Lucas Paquetá,25.0,Attacking Midfield,Olympique Lyon,€42.95m,in,Summer,42.95,Premier League,2022,2022/2023,England
West Ham United,Gianluca Scamacca,23.0,Centre-Forward,Sassuolo,€36.00m,in,Summer,36.0,Premier League,2022,2022/2023,England
West Ham United,Nayef Aguerd,26.0,Centre-Back,Stade Rennais,€35.00m,in,Summer,35.0,Premier League,2022,2022/2023,England
West Ham United,Maxwel Cornet,25.0,Left Winger,Burnley,€20.70m,in,Summer,20.7,Premier League,2022,2022/2023,England
West Ham United,Emerson,28.0,Left-Back,Chelsea,€15.40m,in,Summer,15.4,Premier League,2022,2022/2023,England
West Ham United,Thilo Kehrer,25.0,Centre-Back,Paris SG,€12.00m,in,Summer,12.0,Premier League,2022,2022/2023,England
West Ham United,Flynn Downes,23.0,Central Midfield,Swansea,€10.65m,in,Summer,10.65,Premier League,2022,2022/2023,England
West Ham United,Alphonse Areola,29.0,Goalkeeper,Paris SG,€9.30m,in,Summer,9.3,Premier League,2022,2022/2023,England
West Ham United,Nathan Trott,23.0,Goalkeeper,West Ham U21,-,in,Summer,,Premier League,2022,2022/2023,England
West Ham United,Issa Diop,25.0,Centre-Back,Fulham,€17.80m,out,Summer,17.8,Premier League,2022,2022/2023,England
West Ham United,Andriy Yarmolenko,32.0,Right Winger,Al-Ain FC,free transfer,out,Summer,0.0,Premier League,2022,2022/2023,England
West Ham United,Ryan Fredericks,29.0,Right-Back,Bournemouth,free transfer,out,Summer,0.0,Premier League,2022,2022/2023,England
West Ham United,Nathan Trott,23.0,Goalkeeper,Vejle BK,loan transfer,out,Summer,,Premier League,2022,2022/2023,England
West Ham United,Arthur Masuaku,28.0,Left-Back,Besiktas,loan transfer,out,Summer,,Premier League,2022,2022/2023,England
West Ham United,David Martin,36.0,Goalkeeper,Without Club,-,out,Summer,,Premier League,2022,2022/2023,England
West Ham United,Mark Noble,35.0,Central Midfield,Retired,-,out,Summer,,Premier League,2022,2022/2023,England
West Ham United,Nikola Vlasic,24.0,Attacking Midfield,Torino,loan transfer,out,Summer,,Premier League,2022,2022/2023,England
West Ham United,Alphonse Areola,29.0,Goalkeeper,Paris SG,"End of loanJun 30, 2022",out,Summer,,Premier League,2022,2022/2023,England
West Ham United,Alex Kral,24.0,Defensive Midfield,Spartak Moscow,"End of loanJun 30, 2022",out,Summer,,Premier League,2022,2022/2023,England
Wolverhampton Wanderers,Matheus Nunes,23.0,Central Midfield,Sporting CP,€45.00m,in,Summer,45.0,Premier League,2022,2022/2023,England
Wolverhampton Wanderers,Gonçalo Guedes,25.0,Left Winger,Valencia,€32.60m,in,Summer,32.6,Premier League,2022,2022/2023,England
Wolverhampton Wanderers,Nathan Collins,21.0,Centre-Back,Burnley,€24.30m,in,Summer,24.3,Premier League,2022,2022/2023,England
Wolverhampton Wanderers,Sasa Kalajdzic,25.0,Centre-Forward,VfB Stuttgart,€18.00m,in,Summer,18.0,Premier League,2022,2022/2023,England
Wolverhampton Wanderers,Hee-chan Hwang,26.0,Centre-Forward,RB Leipzig,€16.70m,in,Summer,16.7,Premier League,2022,2022/2023,England
Wolverhampton Wanderers,Boubacar Traoré,21.0,Central Midfield,FC Metz,loan transfer,in,Summer,,Premier League,2022,2022/2023,England
Wolverhampton Wanderers,Bruno Jordão,23.0,Central Midfield,Grasshoppers,"End of loanJun 30, 2022",in,Summer,,Premier League,2022,2022/2023,England
Wolverhampton Wanderers,Adama Traoré,26.0,Right Winger,Barcelona,"End of loanJun 30, 2022",in,Summer,,Premier League,2022,2022/2023,England
Wolverhampton Wanderers,Sang-bin Jeong,21.0,Right Winger,Grasshoppers,"End of loanJun 30, 2023",in,Summer,,Premier League,2022,2022/2023,England
Wolverhampton Wanderers,Patrick Cutrone,24.0,Centre-Forward,FC Empoli,"End of loanJun 30, 2022",in,Summer,,Premier League,2022,2022/2023,England
Wolverhampton Wanderers,Luke Cundle,21.0,Central Midfield,Swansea,"End of loanMay 31, 2023",in,Summer,,Premier League,2022,2022/2023,England
Wolverhampton Wanderers,Renat Dadashov,23.0,Centre-Forward,Tondela,"End of loanJun 30, 2022",in,Summer,,Premier League,2022,2022/2023,England
Wolverhampton Wanderers,Rúben Vinagre,23.0,Left-Back,Sporting CP,"End of loanJun 30, 2022",in,Summer,,Premier League,2022,2022/2023,England
Wolverhampton Wanderers,Léo Bonatini,28.0,Centre-Forward,Grasshoppers,"End of loanJun 30, 2022",in,Summer,,Premier League,2022,2022/2023,England
Wolverhampton Wanderers,Morgan Gibbs-White,22.0,Attacking Midfield,Nottm Forest,€29.50m,out,Summer,29.5,Premier League,2022,2022/2023,England
Wolverhampton Wanderers,Leander Dendoncker,27.0,Defensive Midfield,Aston Villa,€15.00m,out,Summer,15.0,Premier League,2022,2022/2023,England
Wolverhampton Wanderers,Rúben Vinagre,23.0,Left-Back,Sporting CP,€10.00m,out,Summer,10.0,Premier League,2022,2022/2023,England
Wolverhampton Wanderers,Willy Boly,31.0,Centre-Back,Nottm Forest,€2.60m,out,Summer,2.6,Premier League,2022,2022/2023,England
Wolverhampton Wanderers,Marçal,33.0,Left-Back,Botafogo,free transfer,out,Summer,0.0,Premier League,2022,2022/2023,England
Wolverhampton Wanderers,Romain Saïss,32.0,Centre-Back,Besiktas,free transfer,out,Summer,0.0,Premier League,2022,2022/2023,England
Wolverhampton Wanderers,John Ruddy,35.0,Goalkeeper,Birmingham,free transfer,out,Summer,0.0,Premier League,2022,2022/2023,England
Wolverhampton Wanderers,Louie Moulden,20.0,Goalkeeper,Solihull Moors,loan transfer,out,Summer,,Premier League,2022,2022/2023,England
Wolverhampton Wanderers,Patrick Cutrone,24.0,Centre-Forward,Como,?,out,Summer,,Premier League,2022,2022/2023,England
Wolverhampton Wanderers,Renat Dadashov,23.0,Centre-Forward,Grasshoppers,?,out,Summer,,Premier League,2022,2022/2023,England
Wolverhampton Wanderers,Bruno Jordão,23.0,Central Midfield,Santa Clara,loan transfer,out,Summer,,Premier League,2022,2022/2023,England
Wolverhampton Wanderers,Conor Coady,29.0,Centre-Back,Everton,loan transfer,out,Summer,,Premier League,2022,2022/2023,England
Wolverhampton Wanderers,Luke Cundle,20.0,Central Midfield,Swansea,loan transfer,out,Summer,,Premier League,2022,2022/2023,England
Wolverhampton Wanderers,Fábio Silva,20.0,Centre-Forward,RSC Anderlecht,loan transfer,out,Summer,,Premier League,2022,2022/2023,England
Wolverhampton Wanderers,Ki-Jana Hoever,20.0,Right-Back,PSV Eindhoven,loan transfer,out,Summer,,Premier League,2022,2022/2023,England
Wolverhampton Wanderers,Hee-chan Hwang,26.0,Centre-Forward,RB Leipzig,"End of loanJun 30, 2022",out,Summer,,Premier League,2022,2022/2023,England
Wolverhampton Wanderers,Francisco Trincão,22.0,Right Winger,Barcelona,"End of loanJun 30, 2022",out,Summer,,Premier League,2022,2022/2023,England
Arsenal FC,Jakub Kiwior,22.0,Centre-Back,Spezia Calcio,€25.00m,in,Winter,25.0,Premier League,2022,2022/2023,England
Arsenal FC,Leandro Trossard,28.0,Left Winger,Brighton,€24.00m,in,Winter,24.0,Premier League,2022,2022/2023,England
Arsenal FC,Jorginho,31.0,Defensive Midfield,Chelsea,€11.30m,in,Winter,11.3,Premier League,2022,2022/2023,England
Arsenal FC,Marquinhos,19.0,Right Winger,Norwich,loan transfer,out,Winter,,Premier League,2022,2022/2023,England
Arsenal FC,Albert Sambi Lokonga,23.0,Central Midfield,Crystal Palace,loan transfer,out,Winter,,Premier League,2022,2022/2023,England
Arsenal FC,Cédric Soares,31.0,Right-Back,Fulham,loan transfer,out,Winter,,Premier League,2022,2022/2023,England
Aston Villa,Jhon Durán,19.0,Centre-Forward,Chicago,€16.64m,in,Winter,16.64,Premier League,2022,2022/2023,England
Aston Villa,Álex Moreno,29.0,Left-Back,Real Betis,€13.50m,in,Winter,13.5,Premier League,2022,2022/2023,England
Aston Villa,Viljami Sinisalo,21.0,Goalkeeper,Burton Albion,"End of loanJan 2, 2023",in,Winter,,Premier League,2022,2022/2023,England
Aston Villa,Bertrand Traoré,27.0,Right Winger,Basaksehir,"End of loanJan 31, 2023",in,Winter,,Premier League,2022,2022/2023,England
Aston Villa,Danny Ings,30.0,Centre-Forward,West Ham,€12.00m,out,Winter,12.0,Premier League,2022,2022/2023,England
Aston Villa,Frédéric Guilbert,28.0,Right-Back,R. Strasbourg,free transfer,out,Winter,0.0,Premier League,2022,2022/2023,England
Aston Villa,Cameron Archer,21.0,Centre-Forward,Middlesbrough,loan transfer,out,Winter,,Premier League,2022,2022/2023,England
Aston Villa,Morgan Sanson,28.0,Central Midfield,R. Strasbourg,loan transfer,out,Winter,,Premier League,2022,2022/2023,England
Aston Villa,Marvelous Nakamba,29.0,Defensive Midfield,Luton,loan transfer,out,Winter,,Premier League,2022,2022/2023,England
Aston Villa,Ludwig Augustinsson,28.0,Left-Back,Sevilla FC,"End of loanJan 29, 2023",out,Winter,,Premier League,2022,2022/2023,England
Aston Villa,Jan Bednarek,26.0,Centre-Back,Southampton,"End of loanJan 23, 2023",out,Winter,,Premier League,2022,2022/2023,England
AFC Bournemouth,Ilya Zabarnyi,20.0,Centre-Back,Dynamo Kyiv,€22.70m,in,Winter,22.7,Premier League,2022,2022/2023,England
AFC Bournemouth,Dango Ouattara,20.0,Right Winger,FC Lorient,€22.50m,in,Winter,22.5,Premier League,2022,2022/2023,England
AFC Bournemouth,Antoine Semenyo,23.0,Centre-Forward,Bristol City,€10.25m,in,Winter,10.25,Premier League,2022,2022/2023,England
AFC Bournemouth,Matías Viña,25.0,Left-Back,AS Roma,Loan fee:€750k,in,Winter,0.75,Premier League,2022,2022/2023,England
AFC Bournemouth,Darren Randolph,35.0,Goalkeeper,West Ham,free transfer,in,Winter,0.0,Premier League,2022,2022/2023,England
AFC Bournemouth,Hamed Junior Traorè,22.0,Attacking Midfield,Sassuolo,loan transfer,in,Winter,,Premier League,2022,2022/2023,England
AFC Bournemouth,Gavin Kilkenny,22.0,Central Midfield,Stoke City,"End of loanJan 30, 2023",in,Winter,,Premier League,2022,2022/2023,England
AFC Bournemouth,James Hill,20.0,Centre-Back,Heart of Midl.,loan transfer,out,Winter,,Premier League,2022,2022/2023,England
AFC Bournemouth,Emiliano Marcondes,27.0,Attacking Midfield,Nordsjaelland,loan transfer,out,Winter,,Premier League,2022,2022/2023,England
AFC Bournemouth,Jamal Lowe,28.0,Right Winger,QPR,loan transfer,out,Winter,,Premier League,2022,2022/2023,England
AFC Bournemouth,Will Dennis,22.0,Goalkeeper,Slough,loan transfer,out,Winter,,Premier League,2022,2022/2023,England
AFC Bournemouth,Gavin Kilkenny,22.0,Central Midfield,Charlton,loan transfer,out,Winter,,Premier League,2022,2022/2023,England
AFC Bournemouth,Siriki Dembélé,26.0,Left Winger,AJ Auxerre,loan transfer,out,Winter,,Premier League,2022,2022/2023,England
AFC Bournemouth,Ben Pearson,28.0,Central Midfield,Stoke City,loan transfer,out,Winter,,Premier League,2022,2022/2023,England
Brentford FC,Kevin Schade,21.0,Right Winger,SC Freiburg,Loan fee:€1.00m,in,Winter,1.0,Premier League,2022,2022/2023,England
Brentford FC,Tariqe Fosu,27.0,Left Winger,Stoke City,"End of loanJan 19, 2023",in,Winter,,Premier League,2022,2022/2023,England
Brentford FC,Mads Bech Sörensen,23.0,Centre-Back,OGC Nice,"End of loanJan 1, 2023",in,Winter,,Premier League,2022,2022/2023,England
Brentford FC,Fin Stevens,19.0,Right-Back,Swansea,"End of loanJan 1, 2023",in,Winter,,Premier League,2022,2022/2023,England
Brentford FC,Ellery Balcombe,23.0,Goalkeeper,Crawley Town,"End of loanJan 17, 2023",in,Winter,,Premier League,2022,2022/2023,England
Brentford FC,Mads Bech Sörensen,24.0,Centre-Back,FC Groningen,loan transfer,out,Winter,,Premier League,2022,2022/2023,England
Brentford FC,Ellery Balcombe,23.0,Goalkeeper,Bristol Rovers,loan transfer,out,Winter,,Premier League,2022,2022/2023,England
Brentford FC,Tariqe Fosu,27.0,Left Winger,Rotherham,loan transfer,out,Winter,,Premier League,2022,2022/2023,England
Brentford FC,Charlie Goode,27.0,Centre-Back,Blackpool,loan transfer,out,Winter,,Premier League,2022,2022/2023,England
Brentford FC,Sergi Canós,25.0,Right Winger,Olympiacos,loan transfer,out,Winter,,Premier League,2022,2022/2023,England
Brighton & Hove Albion,Facundo Buonanotte,18.0,Attacking Midfield,Rosario Central,€6.00m,in,Winter,6.0,Premier League,2022,2022/2023,England
Brighton & Hove Albion,Yasin Ayari,19.0,Central Midfield,AIK,€4.00m,in,Winter,4.0,Premier League,2022,2022/2023,England
Brighton & Hove Albion,Aaron Connolly,22.0,Centre-Forward,Venezia,"End of loanJan 5, 2023",in,Winter,,Premier League,2022,2022/2023,England
Brighton & Hove Albion,Shane Duffy,31.0,Centre-Back,Fulham,"End of loanJan 30, 2023",in,Winter,,Premier League,2022,2022/2023,England
Brighton & Hove Albion,Leandro Trossard,28.0,Left Winger,Arsenal,€24.00m,out,Winter,24.0,Premier League,2022,2022/2023,England
Brighton & Hove Albion,Shane Duffy,31.0,Centre-Back,Fulham,?,out,Winter,,Premier League,2022,2022/2023,England
Brighton & Hove Albion,Aaron Connolly,22.0,Centre-Forward,Hull City,loan transfer,out,Winter,,Premier League,2022,2022/2023,England
Chelsea FC,Enzo Fernández,22.0,Central Midfield,Benfica,€121.00m,in,Winter,121.0,Premier League,2022,2022/2023,England
Chelsea FC,Mykhaylo Mudryk,22.0,Left Winger,Shakhtar D.,€70.00m,in,Winter,70.0,Premier League,2022,2022/2023,England
Chelsea FC,Benoît Badiashile,21.0,Centre-Back,Monaco,€38.00m,in,Winter,38.0,Premier League,2022,2022/2023,England
Chelsea FC,Noni Madueke,20.0,Right Winger,PSV Eindhoven,€35.00m,in,Winter,35.0,Premier League,2022,2022/2023,England
Chelsea FC,Malo Gusto,19.0,Right-Back,Olympique Lyon,€30.00m,in,Winter,30.0,Premier League,2022,2022/2023,England
Chelsea FC,Andrey Santos,18.0,Central Midfield,Vasco da Gama,€12.50m,in,Winter,12.5,Premier League,2022,2022/2023,England
Chelsea FC,David Datro Fofana,20.0,Centre-Forward,Molde,€12.00m,in,Winter,12.0,Premier League,2022,2022/2023,England
Chelsea FC,João Félix,23.0,Second Striker,Atlético Madrid,Loan fee:€11.00m,in,Winter,11.0,Premier League,2022,2022/2023,England
Chelsea FC,Gabriel Slonina,18.0,Goalkeeper,Chicago,"End of loanDec 31, 2022",in,Winter,,Premier League,2022,2022/2023,England
Chelsea FC,Jorginho,31.0,Defensive Midfield,Arsenal,€11.30m,out,Winter,11.3,Premier League,2022,2022/2023,England
Chelsea FC,Andrey Santos,18.0,Central Midfield,Vasco da Gama,loan transfer,out,Winter,,Premier League,2022,2022/2023,England
Chelsea FC,Malo Gusto,19.0,Right-Back,Olympique Lyon,loan transfer,out,Winter,,Premier League,2022,2022/2023,England
Crystal Palace,Naouirou Ahamada,20.0,Central Midfield,VfB Stuttgart,€12.00m,in,Winter,12.0,Premier League,2022,2022/2023,England
Crystal Palace,Albert Sambi Lokonga,23.0,Central Midfield,Arsenal,loan transfer,in,Winter,,Premier League,2022,2022/2023,England
Crystal Palace,Luke Plange,20.0,Centre-Forward,RWDM,"End of loanJan 29, 2023",in,Winter,,Premier League,2022,2022/2023,England
Crystal Palace,Jack Butland,29.0,Goalkeeper,Man Utd,loan transfer,out,Winter,,Premier League,2022,2022/2023,England
Crystal Palace,Malcolm Ebiowei,19.0,Right Winger,Hull City,loan transfer,out,Winter,,Premier League,2022,2022/2023,England
Crystal Palace,Luke Plange,20.0,Centre-Forward,Lincoln City,loan transfer,out,Winter,,Premier League,2022,2022/2023,England
Everton FC,Ellis Simms,21.0,Centre-Forward,Everton U21,-,in,Winter,,Premier League,2022,2022/2023,England
Everton FC,Niels Nkounkou,22.0,Left-Back,Cardiff,"End of loanJan 13, 2023",in,Winter,,Premier League,2022,2022/2023,England
Everton FC,Anthony Gordon,21.0,Left Winger,Newcastle,€45.60m,out,Winter,45.6,Premier League,2022,2022/2023,England
Everton FC,Salomón Rondón,33.0,Centre-Forward,River Plate,free transfer,out,Winter,0.0,Premier League,2022,2022/2023,England
Everton FC,Eldin Jakupovic,38.0,Goalkeeper,LAFC,free transfer,out,Winter,0.0,Premier League,2022,2022/2023,England
Everton FC,Niels Nkounkou,22.0,Left-Back,Saint-Étienne,loan transfer,out,Winter,,Premier League,2022,2022/2023,England
Fulham FC,Sasa Lukic,26.0,Central Midfield,Torino,€9.10m,in,Winter,9.1,Premier League,2022,2022/2023,England
Fulham FC,Shane Duffy,31.0,Centre-Back,Brighton,?,in,Winter,,Premier League,2022,2022/2023,England
Fulham FC,Cédric Soares,31.0,Right-Back,Arsenal,loan transfer,in,Winter,,Premier League,2022,2022/2023,England
Fulham FC,Tyrese Francois,22.0,Central Midfield,HNK Gorica,"End of loanJan 10, 2023",in,Winter,,Premier League,2022,2022/2023,England
Fulham FC,Anthony Knockaert,31.0,Right Winger,Volos NPS,"End of loanJan 10, 2023",in,Winter,,Premier League,2022,2022/2023,England
Fulham FC,Josh Onomah,25.0,Central Midfield,Preston,free transfer,out,Winter,0.0,Premier League,2022,2022/2023,England
Fulham FC,Anthony Knockaert,31.0,Right Winger,Huddersfield,loan transfer,out,Winter,,Premier League,2022,2022/2023,England
Fulham FC,Nathaniel Chalobah,28.0,Defensive Midfield,West Brom,?,out,Winter,,Premier League,2022,2022/2023,England
Fulham FC,Kevin Mbabu,27.0,Right-Back,Servette FC,loan transfer,out,Winter,,Premier League,2022,2022/2023,England
Fulham FC,Shane Duffy,31.0,Centre-Back,Brighton,"End of loanJan 30, 2023",out,Winter,,Premier League,2022,2022/2023,England
Leeds United,Georginio Rutter,20.0,Centre-Forward,TSG Hoffenheim,€28.00m,in,Winter,28.0,Premier League,2022,2022/2023,England
Leeds United,Maximilian Wöber,24.0,Centre-Back,RB Salzburg,€12.00m,in,Winter,12.0,Premier League,2022,2022/2023,England
Leeds United,Weston McKennie,24.0,Central Midfield,Juventus,Loan fee:€1.25m,in,Winter,1.25,Premier League,2022,2022/2023,England
Leeds United,Diego Llorente,29.0,Centre-Back,AS Roma,Loan fee:€500k,out,Winter,0.5,Premier League,2022,2022/2023,England
Leeds United,Mateusz Klich,32.0,Central Midfield,D.C. United,free transfer,out,Winter,0.0,Premier League,2022,2022/2023,England
Leeds United,Cody Drameh,21.0,Right-Back,Luton,loan transfer,out,Winter,,Premier League,2022,2022/2023,England
Leeds United,Joe Gelhardt,20.0,Centre-Forward,Sunderland,loan transfer,out,Winter,,Premier League,2022,2022/2023,England
Leicester City,Harry Souttar,24.0,Centre-Back,Stoke City,€17.00m,in,Winter,17.0,Premier League,2022,2022/2023,England
Leicester City,Victor Kristiansen,20.0,Left-Back,FC Copenhagen,€14.00m,in,Winter,14.0,Premier League,2022,2022/2023,England
Leicester City,Tetê,22.0,Right Winger,Shakhtar D.,loan transfer,in,Winter,,Premier League,2022,2022/2023,England
Leicester City,George Hirst,23.0,Centre-Forward,Blackburn,"End of loanJan 7, 2023",in,Winter,,Premier League,2022,2022/2023,England
Leicester City,George Hirst,23.0,Centre-Forward,Ipswich,loan transfer,out,Winter,,Premier League,2022,2022/2023,England
Leicester City,Ayoze Pérez,29.0,Second Striker,Real Betis,loan transfer,out,Winter,,Premier League,2022,2022/2023,England
Leicester City,Marc Albrighton,33.0,Right Midfield,West Brom,loan transfer,out,Winter,,Premier League,2022,2022/2023,England
Liverpool FC,Cody Gakpo,23.0,Left Winger,PSV Eindhoven,€42.00m,in,Winter,42.0,Premier League,2022,2022/2023,England
Liverpool FC,Rhys Williams,21.0,Centre-Back,Blackpool,"End of loanJan 23, 2023",in,Winter,,Premier League,2022,2022/2023,England
Manchester City,Máximo Perrone,20.0,Defensive Midfield,Vélez Sarsfield,€11.00m,in,Winter,11.0,Premier League,2022,2022/2023,England
Manchester City,Diego Rosa,20.0,Central Midfield,Vizela,"End of loanDec 31, 2022",in,Winter,,Premier League,2022,2022/2023,England
Manchester City,Nahuel Bustos,24.0,Centre-Forward,São Paulo,"End of loanDec 31, 2022",in,Winter,,Premier League,2022,2022/2023,England
Manchester City,Diego Rosa,20.0,Central Midfield,EC Bahia,€2.30m,out,Winter,2.3,Premier League,2022,2022/2023,England
Manchester City,João Cancelo,28.0,Right-Back,Bayern Munich,loan transfer,out,Winter,,Premier League,2022,2022/2023,England
Manchester City,Nahuel Bustos,24.0,Centre-Forward,CA Talleres,loan transfer,out,Winter,,Premier League,2022,2022/2023,England
Manchester United,Wout Weghorst,30.0,Centre-Forward,Burnley,Loan fee:€2.96m,in,Winter,2.96,Premier League,2022,2022/2023,England
Manchester United,Jack Butland,29.0,Goalkeeper,Crystal Palace,loan transfer,in,Winter,,Premier League,2022,2022/2023,England
Manchester United,Marcel Sabitzer,28.0,Central Midfield,Bayern Munich,loan transfer,in,Winter,,Premier League,2022,2022/2023,England
Manchester United,Kobbie Mainoo,17.0,Central Midfield,Man Utd U21,-,in,Winter,,Premier League,2022,2022/2023,England
Manchester United,Zidane Iqbal,19.0,Central Midfield,Man Utd U21,-,in,Winter,,Premier League,2022,2022/2023,England
Manchester United,Shola Shoretire,18.0,Right Winger,Bolton,loan transfer,out,Winter,,Premier League,2022,2022/2023,England
Manchester United,Axel Tuanzebe,25.0,Centre-Back,Stoke City,loan transfer,out,Winter,,Premier League,2022,2022/2023,England
Manchester United,Cristiano Ronaldo,37.0,Centre-Forward,Without Club,-,out,Winter,,Premier League,2022,2022/2023,England
Manchester United,Martin Dúbravka,33.0,Goalkeeper,Newcastle,"End of loanJan 1, 2023",out,Winter,,Premier League,2022,2022/2023,England
Newcastle United,Anthony Gordon,21.0,Left Winger,Everton,€45.60m,in,Winter,45.6,Premier League,2022,2022/2023,England
Newcastle United,Harrison Ashby,21.0,Right-Back,West Ham U21,€3.40m,in,Winter,3.4,Premier League,2022,2022/2023,England
Newcastle United,Garang Kuol,18.0,Right Winger,Central Coast,€350k,in,Winter,0.35,Premier League,2022,2022/2023,England
Newcastle United,Matty Longstaff,22.0,Central Midfield,Colchester Utd.,"End of loanJan 1, 2023",in,Winter,,Premier League,2022,2022/2023,England
Newcastle United,Martin Dúbravka,33.0,Goalkeeper,Man Utd,"End of loanJan 1, 2023",in,Winter,,Premier League,2022,2022/2023,England
Newcastle United,Jonjo Shelvey,30.0,Central Midfield,Nottm Forest,?,out,Winter,,Premier League,2022,2022/2023,England
Newcastle United,Garang Kuol,18.0,Right Winger,Heart of Midl.,loan transfer,out,Winter,,Premier League,2022,2022/2023,England
Newcastle United,Chris Wood,31.0,Centre-Forward,Nottm Forest,loan transfer,out,Winter,,Premier League,2022,2022/2023,England
Newcastle United,Karl Darlow,32.0,Goalkeeper,Hull City,loan transfer,out,Winter,,Premier League,2022,2022/2023,England
Nottingham Forest,Danilo,21.0,Defensive Midfield,Palmeiras,€20.00m,in,Winter,20.0,Premier League,2022,2022/2023,England
Nottingham Forest,Felipe,33.0,Centre-Back,Atlético Madrid,€2.30m,in,Winter,2.3,Premier League,2022,2022/2023,England
Nottingham Forest,Gustavo Scarpa,28.0,Attacking Midfield,Palmeiras,free transfer,in,Winter,0.0,Premier League,2022,2022/2023,England
Nottingham Forest,Jonjo Shelvey,30.0,Central Midfield,Newcastle,?,in,Winter,,Premier League,2022,2022/2023,England
Nottingham Forest,Keylor Navas,36.0,Goalkeeper,Paris SG,loan transfer,in,Winter,,Premier League,2022,2022/2023,England
Nottingham Forest,Chris Wood,31.0,Centre-Forward,Newcastle,loan transfer,in,Winter,,Premier League,2022,2022/2023,England
Nottingham Forest,André Ayew,33.0,Left Winger,Without Club,-,in,Winter,,Premier League,2022,2022/2023,England
Nottingham Forest,Alex Mighten,20.0,Left Winger,Sheff Wed,"End of loanJan 10, 2023",in,Winter,,Premier League,2022,2022/2023,England
Nottingham Forest,Josh Bowler,23.0,Right Winger,Olympiacos,"End of loanJan 4, 2023",in,Winter,,Premier League,2022,2022/2023,England
Nottingham Forest,Ui-jo Hwang,30.0,Centre-Forward,Olympiacos,"End of loanJan 31, 2023",in,Winter,,Premier League,2022,2022/2023,England
Nottingham Forest,Brandon Aguilera,19.0,Attacking Midfield,Guanacasteca,"End of loanJan 2, 2023",in,Winter,,Premier League,2022,2022/2023,England
Nottingham Forest,Adnan Kanuric,22.0,Goalkeeper,Oxford City,loan transfer,out,Winter,,Premier League,2022,2022/2023,England
Nottingham Forest,Jordan Smith,28.0,Goalkeeper,Huddersfield,loan transfer,out,Winter,,Premier League,2022,2022/2023,England
Nottingham Forest,Josh Bowler,23.0,Right Winger,Blackpool,loan transfer,out,Winter,,Premier League,2022,2022/2023,England
Nottingham Forest,Loïc Mbe Soh,21.0,Centre-Back,Guingamp,loan transfer,out,Winter,,Premier League,2022,2022/2023,England
Nottingham Forest,Brandon Aguilera,19.0,Attacking Midfield,Estoril Praia,loan transfer,out,Winter,,Premier League,2022,2022/2023,England
Nottingham Forest,Ui-jo Hwang,30.0,Centre-Forward,FC Seoul,loan transfer,out,Winter,,Premier League,2022,2022/2023,England
Nottingham Forest,Loïc Badé,22.0,Centre-Back,Rennes,"End of loanDec 31, 2022",out,Winter,,Premier League,2022,2022/2023,England
Southampton FC,Kamaldeen Sulemana,20.0,Left Winger,Rennes,€25.00m,in,Winter,25.0,Premier League,2022,2022/2023,England
Southampton FC,Paul Onuachu,28.0,Centre-Forward,KRC Genk,€18.00m,in,Winter,18.0,Premier League,2022,2022/2023,England
Southampton FC,Carlos Alcaraz,20.0,Central Midfield,Racing Club,€13.65m,in,Winter,13.65,Premier League,2022,2022/2023,England
Southampton FC,Mislav Orsic,30.0,Left Winger,Dinamo Zagreb,€5.75m,in,Winter,5.75,Premier League,2022,2022/2023,England
Southampton FC,James Bree,25.0,Right-Back,Luton,€850k,in,Winter,0.85,Premier League,2022,2022/2023,England
Southampton FC,Dan N'Lundulu,23.0,Centre-Forward,Cheltenham,"End of loanJan 8, 2023",in,Winter,,Premier League,2022,2022/2023,England
Southampton FC,Jan Bednarek,26.0,Centre-Back,Aston Villa,"End of loanJan 23, 2023",in,Winter,,Premier League,2022,2022/2023,England
Southampton FC,Dan N'Lundulu,23.0,Centre-Forward,Bolton,loan transfer,out,Winter,,Premier League,2022,2022/2023,England
Tottenham Hotspur,Pedro Porro,23.0,Right-Back,Sporting CP,Loan fee:€5.00m,in,Winter,5.0,Premier League,2022,2022/2023,England
Tottenham Hotspur,Arnaut Danjuma,25.0,Left Winger,Villarreal,Loan fee:€3.00m,in,Winter,3.0,Premier League,2022,2022/2023,England
Tottenham Hotspur,Alfie Whiteman,24.0,Goalkeeper,Degerfors,"End of loanDec 31, 2022",in,Winter,,Premier League,2022,2022/2023,England
Tottenham Hotspur,Matt Doherty,31.0,Right-Back,Atlético Madrid,free transfer,out,Winter,0.0,Premier League,2022,2022/2023,England
Tottenham Hotspur,Bryan Gil,21.0,Left Winger,Sevilla FC,loan transfer,out,Winter,,Premier League,2022,2022/2023,England
Tottenham Hotspur,Djed Spence,22.0,Right-Back,Rennes,loan transfer,out,Winter,,Premier League,2022,2022/2023,England
West Ham United,Danny Ings,30.0,Centre-Forward,Aston Villa,€12.00m,in,Winter,12.0,Premier League,2022,2022/2023,England
West Ham United,Luizão,20.0,Centre-Back,São Paulo,free transfer,in,Winter,0.0,Premier League,2022,2022/2023,England
West Ham United,Craig Dawson,32.0,Centre-Back,Wolves,€3.75m,out,Winter,3.75,Premier League,2022,2022/2023,England
West Ham United,Darren Randolph,35.0,Goalkeeper,Bournemouth,free transfer,out,Winter,0.0,Premier League,2022,2022/2023,England
West Ham United,Conor Coventry,22.0,Defensive Midfield,Rotherham,loan transfer,out,Winter,,Premier League,2022,2022/2023,England
Wolverhampton Wanderers,João Gomes,21.0,Central Midfield,Flamengo,€18.70m,in,Winter,18.7,Premier League,2022,2022/2023,England
Wolverhampton Wanderers,Mario Lemina,29.0,Defensive Midfield,OGC Nice,€11.00m,in,Winter,11.0,Premier League,2022,2022/2023,England
Wolverhampton Wanderers,Pablo Sarabia,30.0,Right Winger,Paris SG,€5.00m,in,Winter,5.0,Premier League,2022,2022/2023,England
Wolverhampton Wanderers,Craig Dawson,32.0,Centre-Back,West Ham,€3.75m,in,Winter,3.75,Premier League,2022,2022/2023,England
Wolverhampton Wanderers,Daniel Bentley,29.0,Goalkeeper,Bristol City,€57k,in,Winter,0.057,Premier League,2022,2022/2023,England
Wolverhampton Wanderers,Matheus Cunha,23.0,Centre-Forward,Atlético Madrid,loan transfer,in,Winter,,Premier League,2022,2022/2023,England
Wolverhampton Wanderers,Ki-Jana Hoever,21.0,Right-Back,PSV Eindhoven,"End of loanJan 25, 2023",in,Winter,,Premier League,2022,2022/2023,England
Wolverhampton Wanderers,Fábio Silva,20.0,Centre-Forward,RSC Anderlecht,"End of loanJan 24, 2023",in,Winter,,Premier League,2022,2022/2023,England
Wolverhampton Wanderers,Louie Moulden,20.0,Goalkeeper,Solihull Moors,"End of loanJan 2, 2023",in,Winter,,Premier League,2022,2022/2023,England
Wolverhampton Wanderers,Leonardo Campana,22.0,Centre-Forward,Miami,"End of loanDec 31, 2022",in,Winter,,Premier League,2022,2022/2023,England
Wolverhampton Wanderers,Leonardo Campana,22.0,Centre-Forward,Miami,€2.70m,out,Winter,2.7,Premier League,2022,2022/2023,England
Wolverhampton Wanderers,Connor Ronan,24.0,Central Midfield,Colorado,€570k,out,Winter,0.57,Premier League,2022,2022/2023,England
Wolverhampton Wanderers,Léo Bonatini,28.0,Centre-Forward,San Luis,free transfer,out,Winter,0.0,Premier League,2022,2022/2023,England
Wolverhampton Wanderers,Fábio Silva,20.0,Centre-Forward,PSV Eindhoven,loan transfer,out,Winter,,Premier League,2022,2022/2023,England
Wolverhampton Wanderers,Yerson Mosquera,21.0,Centre-Back,Cincinnati,loan transfer,out,Winter,,Premier League,2022,2022/2023,England
Wolverhampton Wanderers,Ki-Jana Hoever,21.0,Right-Back,Stoke City,loan transfer,out,Winter,,Premier League,2022,2022/2023,England
Wolverhampton Wanderers,Gonçalo Guedes,26.0,Second Striker,Benfica,loan transfer,out,Winter,,Premier League,2022,2022/2023,England
Wolverhampton Wanderers,Matija Sarkic,25.0,Goalkeeper,Stoke City,loan transfer,out,Winter,,Premier League,2022,2022/2023,England
